"time_stamp","humidity","humidity_a","humidity_b","temperature","temperature_a","temperature_b","voc","voc_a","voc_b","pm2_5_atm","pm2_5_atm_a","pm2_5_atm_b","pm10_0_atm","pm10_0_atm_a","pm10_0_atm_b","sensor_id"
2024-02-01,51,51,NA,87,87,NA,NA,NA,NA,29.3,29.1,29.4,35.3,35.2,35.4,"159005"
2024-03-01,53,53,NA,84,84,NA,NA,NA,NA,27.4,27.1,27.7,32.2,32,32.4,"159005"
2024-04-01,55,55,NA,80,80,NA,NA,NA,NA,32.4,31.9,32.9,38.9,38.5,39.4,"159005"
2024-05-01,61,61,NA,74,74,NA,NA,NA,NA,41.6,40.9,42.2,51.4,50.8,51.9,"159005"
2024-07-01,67,67,NA,67,67,NA,NA,NA,NA,42,41.6,42.4,52.9,52.7,53,"159005"
2024-08-01,52,52,NA,78,78,NA,NA,NA,NA,41.7,41.4,42,52.4,52,52.8,"159005"
2024-10-01,47,47,NA,81,81,NA,NA,NA,NA,18.4,17.8,19.1,19.8,19.2,20.5,"159005"
2024-12-01,56,56,NA,76,76,NA,NA,NA,NA,30.9,30.5,31.3,36.5,36.1,36.9,"159005"
2025-01-01,52,52,NA,83,83,NA,NA,NA,NA,28.1,27.4,28.9,32.8,32,33.6,"159005"
2025-02-01,53,53,NA,84,84,NA,NA,NA,NA,28.1,27.3,28.8,32.5,31.6,33.5,"159005"
2025-03-01,52,52,NA,83,83,NA,NA,NA,NA,26.6,26.1,27.2,31.5,30.3,32.7,"159005"
2025-04-01,55,55,NA,78,78,NA,NA,NA,NA,32.5,31.9,33.2,39.9,38.1,41.6,"159005"
2025-05-01,58,58,NA,74,74,NA,NA,NA,NA,39.9,39.5,40.3,50.4,48.7,52.2,"159005"
2025-09-01,60,60,NA,70,70,NA,NA,NA,NA,36.3,35.9,36.6,46.7,44.9,48.4,"159005"
2025-10-01,59,59,NA,72,72,NA,NA,NA,NA,34.2,33.7,34.6,43.3,41.3,45.2,"159005"
2025-11-01,57,57,NA,73,73,NA,NA,NA,NA,32.2,31.6,32.8,40.3,37.9,42.7,"159005"
2025-12-01,57,57,NA,76,76,NA,NA,NA,NA,34.5,33.9,35,42.3,40,44.6,"159005"
2024-03-01,44,44,NA,91,91,NA,NA,NA,NA,20.4,19.5,21.3,24.4,23.4,25.4,"159435"
2024-09-01,58,58,NA,71,71,NA,NA,NA,NA,35.8,33.8,37.8,43.8,41.3,46.3,"159435"
2024-10-01,54,54,NA,75,75,NA,NA,NA,NA,31.3,29.4,33.2,37.4,35,39.8,"159435"
2024-11-01,52,52,NA,77,77,NA,NA,NA,NA,25.5,23.6,27.3,30.8,28.4,33.2,"159435"
2025-01-01,48,48,NA,86,86,NA,NA,NA,NA,23,21.1,24.8,30.6,28.1,33.2,"159435"
2025-02-01,50,50,NA,87,87,NA,NA,NA,NA,24.4,22.7,26.2,32.3,30,34.7,"159435"
2025-03-01,48,48,NA,86,86,NA,NA,NA,NA,23.7,22.1,25.2,32.1,30,34.1,"159435"
2025-04-01,52,52,NA,80,80,NA,NA,NA,NA,28.5,26.8,30.1,39.4,37.2,41.5,"159435"
2025-05-01,55,55,NA,75,75,NA,NA,NA,NA,41,39.6,42.5,59,57.1,61,"159435"
2025-06-01,58,58,NA,74,74,NA,NA,NA,NA,36.5,35.2,37.7,49.6,47.9,51.2,"159435"
2025-07-01,56,56,NA,73,73,NA,NA,NA,NA,38.1,36.7,39.4,52.3,50.5,54.1,"159435"
2025-08-01,56,56,NA,72,72,NA,NA,NA,NA,32.1,30.5,33.8,44.6,42.4,46.9,"159435"
2025-09-01,54,54,NA,73,73,NA,NA,NA,NA,32.2,30.7,33.8,44.7,42.6,46.8,"159435"
2025-10-01,51,51,NA,76,76,NA,NA,NA,NA,32.7,31.1,34.3,46,43.7,48.2,"159435"
2025-11-01,49,49,NA,79,79,NA,NA,NA,NA,28.2,26.1,30.2,38.4,35.7,41.1,"159435"
2025-12-01,50,50,NA,81,81,NA,NA,NA,NA,29.1,26.5,31.8,38.4,34.9,41.9,"159435"
2024-03-01,48,48,NA,87,87,NA,NA,NA,NA,22.5,21.9,23,25.1,24.7,25.5,"159599"
2024-04-01,48,48,NA,84,84,NA,NA,NA,NA,26.2,25.4,27,29.9,29.2,30.6,"159599"
2024-05-01,54,54,NA,76,76,NA,NA,NA,NA,43,41.6,44.4,52.2,51.1,53.3,"159599"
2024-06-01,57,57,NA,71,71,NA,NA,NA,NA,49.3,47.9,50.7,60.6,59.5,61.7,"159599"
2024-07-01,57,57,NA,70,70,NA,NA,NA,NA,44,43,44.9,54.3,53.7,54.9,"159599"
2024-08-01,56,56,NA,70,70,NA,NA,NA,NA,42.1,42,42.2,51.8,52.1,51.5,"159599"
2024-09-01,56,56,NA,71,71,NA,NA,NA,NA,607.4,40.1,1174.8,615.4,49.9,1180.8,"159599"
2024-10-01,55,55,NA,73,73,NA,NA,NA,NA,1633.2,46.7,3219.8,1638.6,57.4,3219.9,"159599"
2024-11-01,52,52,NA,79,79,NA,NA,NA,NA,33.7,35.3,32.1,38.7,41,36.3,"159599"
2024-12-01,49,49,NA,80,80,NA,NA,NA,NA,33.1,35.2,31.1,37.7,40.5,34.9,"159599"
2025-01-01,48,48,NA,83,83,NA,NA,NA,NA,31.3,34.7,27.9,34.6,38.8,30.5,"159599"
2025-02-01,49,49,NA,86,86,NA,NA,NA,NA,32.3,36.5,28.1,36.1,41.2,31,"159599"
2025-03-01,47,47,NA,85,85,NA,NA,NA,NA,34.3,39,29.7,38.8,44.5,33.1,"159599"
2025-04-01,51,51,NA,80,80,NA,NA,NA,NA,36.2,38.8,33.7,41.8,45.3,38.4,"159599"
2025-05-01,55,55,NA,75,75,NA,NA,NA,NA,48.2,49.8,46.7,57.2,59.4,55,"159599"
2025-06-01,58,58,NA,73,73,NA,NA,NA,NA,44.2,44.1,44.2,52.4,52.8,52,"159599"
2025-07-01,NA,NA,NA,NA,NA,NA,NA,NA,NA,45.2,45.6,44.9,54.6,55.5,53.6,"159599"
2025-08-01,53,53,NA,72,72,NA,NA,NA,NA,42.6,43.5,41.6,50.9,52.7,49.1,"159599"
2025-09-01,54,54,NA,73,73,NA,NA,NA,NA,42,44.3,39.7,50.2,53.4,46.9,"159599"
2025-10-01,51,51,NA,75,75,NA,NA,NA,NA,39.1,41.9,36.4,46.4,50.3,42.4,"159599"
2025-11-01,50,50,NA,78,78,NA,NA,NA,NA,37.1,41.3,32.8,43,48.7,37.3,"159599"
2025-12-01,50,50,NA,80,80,NA,NA,NA,NA,38.1,41.2,34.9,43.9,48.3,39.6,"159599"
2024-08-01,50,50,NA,75,75,NA,NA,NA,NA,29.5,28.4,30.6,31.4,30,32.7,"180021"
2024-10-01,43,43,NA,84,84,NA,NA,NA,NA,53.7,53.4,54.1,65.2,64.8,65.6,"180021"
2024-11-01,58,58,NA,77,77,NA,NA,NA,NA,35.8,37.5,34.2,40.7,43.1,38.2,"180021"
2024-12-01,55,55,NA,78,78,NA,NA,NA,NA,37.3,38.4,36.3,42,43.4,40.6,"180021"
2025-01-01,53,53,NA,81,81,NA,NA,NA,NA,35.5,35.1,35.8,39.1,38.7,39.5,"180021"
2025-02-01,52,52,NA,85,85,NA,NA,NA,NA,704.4,1365.6,43.3,708.2,1367.9,48.5,"180021"
2025-03-01,48,48,NA,86,86,NA,NA,NA,NA,26.9,26.8,27.1,29.5,29.5,29.6,"180021"
2025-04-01,51,51,NA,81,81,NA,NA,NA,NA,31.2,31.3,31.1,34.8,35.1,34.5,"180021"
2025-05-01,64,64,NA,74,74,NA,NA,NA,NA,64.7,63.6,65.7,73.1,72.9,73.4,"180021"
2025-09-01,58,58,NA,72,72,NA,NA,NA,NA,41.5,43.1,40,48.7,50.8,46.6,"180021"
2025-10-01,57,57,NA,73,73,NA,NA,NA,NA,40.4,41.9,38.9,47,49,44.9,"180021"
2025-11-01,56,56,NA,74,74,NA,NA,NA,NA,39.3,40.8,37.8,45.5,47.5,43.4,"180021"
2025-12-01,56,56,NA,77,77,NA,NA,NA,NA,41.9,44.1,39.6,47.8,50.5,45,"180021"
2024-04-01,46,46,NA,88,88,NA,NA,NA,NA,43.5,43.5,43.4,53.2,53,53.4,"180043"
2024-05-01,61,61,NA,74,74,NA,NA,NA,NA,43.2,43.1,43.3,51.3,50.8,51.8,"180043"
2024-06-01,62,62,NA,71,71,NA,NA,NA,NA,44.4,44.4,44.3,53.1,52.8,53.5,"180043"
2024-07-01,62,62,NA,70,70,NA,NA,NA,NA,40.8,40.5,41.1,48.8,48.1,49.6,"180043"
2024-08-01,60,60,NA,70,70,NA,NA,NA,NA,38,37.7,38.3,45.3,44.5,46.1,"180043"
2024-09-01,60,60,NA,71,71,NA,NA,NA,NA,34.8,34.7,35,40.8,40.2,41.4,"180043"
2024-10-01,57,57,NA,74,74,NA,NA,NA,NA,31.7,31.4,32,36.3,35.6,37,"180043"
2024-11-01,56,56,NA,77,77,NA,NA,NA,NA,24.8,24.4,25.1,27.3,26.6,28,"180043"
2024-12-01,55,55,NA,79,79,NA,NA,NA,NA,28.5,28,28.9,32.3,31.5,33.1,"180043"
2025-01-01,53,53,NA,83,83,NA,NA,NA,NA,24.1,23.6,24.5,26.5,25.8,27.2,"180043"
2025-02-01,53,53,NA,86,86,NA,NA,NA,NA,27.5,27.2,27.8,30.6,30.1,31.2,"180043"
2025-03-01,51,51,NA,85,85,NA,NA,NA,NA,25.7,24.5,26.9,28.5,26.9,30,"180043"
2025-04-01,55,55,NA,80,80,NA,NA,NA,NA,29.1,27.7,30.5,33,31.1,34.9,"180043"
2025-05-01,59,59,NA,75,75,NA,NA,NA,NA,37.9,37.4,38.4,44.5,43.7,45.4,"180043"
2025-06-01,62,62,NA,73,73,NA,NA,NA,NA,31.6,33.8,29.4,36.8,39,34.5,"180043"
2025-07-01,60,60,NA,72,72,NA,NA,NA,NA,35.2,37.9,32.5,41.7,44.4,38.9,"180043"
2025-08-01,60,60,NA,71,71,NA,NA,NA,NA,30.6,32.7,28.6,35.9,37.9,33.8,"180043"
2025-09-01,59,59,NA,71,71,NA,NA,NA,NA,32.4,34,30.7,37.9,39.5,36.4,"180043"
2025-10-01,56,56,NA,74,74,NA,NA,NA,NA,27.2,28.7,25.6,31,32.4,29.5,"180043"
2025-11-01,55,55,NA,77,77,NA,NA,NA,NA,26.7,27.8,25.6,30.3,31.2,29.4,"180043"
2025-12-01,54,54,NA,79,79,NA,NA,NA,NA,29.9,30.3,29.5,33.9,34,33.8,"180043"
2023-07-01,57,57,NA,76,76,NA,NA,NA,NA,38.4,39.3,37.5,44.7,45.8,43.6,"180119"
2023-08-01,57,57,NA,76,76,NA,NA,NA,NA,41.7,42.9,40.5,48.8,50.2,47.4,"180119"
2023-09-01,61,61,NA,74,74,NA,NA,NA,NA,41.1,42.1,40,48.5,49.6,47.3,"180119"
2023-10-01,59,59,NA,76,76,NA,NA,NA,NA,42.4,43.3,41.4,50.3,51.4,49.2,"180119"
2023-11-01,58,58,NA,76,76,NA,NA,NA,NA,38,38.9,37,44.4,45.5,43.4,"180119"
2023-12-01,55,55,NA,80,80,NA,NA,NA,NA,35.3,36,34.5,40.6,41.4,39.8,"180119"
2024-01-01,53,53,NA,84,84,NA,NA,NA,NA,27.5,27.9,27.1,30.2,30.5,29.9,"180119"
2024-02-01,50,50,NA,87,87,NA,NA,NA,NA,25.1,25.8,24.3,27.4,28.1,26.7,"180119"
2024-03-01,51,51,NA,86,86,NA,NA,NA,NA,26.9,27.6,26.2,29.7,30.4,28.9,"180119"
2024-04-01,52,52,NA,83,83,NA,NA,NA,NA,31.5,30.9,32,35.6,34.9,36.4,"180119"
2024-05-01,60,60,NA,74,74,NA,NA,NA,NA,48,48.7,47.3,56.3,57,55.6,"180119"
2024-06-01,63,63,NA,69,69,NA,NA,NA,NA,51.3,52.2,50.4,60.9,61.9,59.9,"180119"
2024-07-01,62,62,NA,69,69,NA,NA,NA,NA,44.1,46,42.1,52.8,55.1,50.5,"180119"
2024-08-01,62,62,NA,68,68,NA,NA,NA,NA,43.5,44.4,42.7,52.2,53.2,51.2,"180119"
2024-09-01,60,60,NA,70,70,NA,NA,NA,NA,41.1,42,40.2,49,50.1,47.9,"180119"
2024-10-01,56,56,NA,74,74,NA,NA,NA,NA,35,35.6,34.4,40.6,41.3,39.9,"180119"
2024-11-01,55,55,NA,76,76,NA,NA,NA,NA,27.9,28.6,27.1,31.2,32,30.3,"180119"
2024-12-01,53,53,NA,79,79,NA,NA,NA,NA,27.2,27.1,27.3,30.2,30,30.4,"180119"
2025-01-01,52,52,NA,82,82,NA,NA,NA,NA,24.2,23.7,24.6,26.4,25.8,26.9,"180119"
2025-02-01,51,51,NA,86,86,NA,NA,NA,NA,23.5,23.9,23.1,25.8,26.1,25.5,"180119"
2025-03-01,49,49,NA,86,86,NA,NA,NA,NA,23.4,23.7,23,25.8,26.1,25.5,"180119"
2025-04-01,52,52,NA,81,81,NA,NA,NA,NA,27.4,28.2,26.7,30.6,31.4,29.9,"180119"
2025-05-01,57,57,NA,75,75,NA,NA,NA,NA,37,40.5,33.4,43.4,47.8,39.1,"180119"
2025-06-01,64,64,NA,71,71,NA,NA,NA,NA,34.5,37.8,31.2,40.6,44.6,36.6,"180119"
2025-07-01,61,61,NA,70,70,NA,NA,NA,NA,37.2,40.9,33.5,44.3,48.9,39.8,"180119"
2025-08-01,61,61,NA,69,69,NA,NA,NA,NA,33.3,37,29.7,39.1,43.7,34.6,"180119"
2025-09-01,59,59,NA,70,70,NA,NA,NA,NA,30.5,33,28,35.5,38.5,32.5,"180119"
2025-10-01,56,56,NA,74,74,NA,NA,NA,NA,27.7,30.6,24.8,31.8,35.2,28.4,"180119"
2025-11-01,53,53,NA,77,77,NA,NA,NA,NA,24.9,26.9,23,28,30.2,25.9,"180119"
2025-12-01,54,54,NA,78,78,NA,NA,NA,NA,26.4,28.5,24.2,29.7,32.1,27.3,"180119"
