"estimate","std.error","statistic","p.value","term","conf.low","conf.high","exposure","outcome","model"
1.1063881311814,0.0720820171559402,1.40257969850027,0.160742209185268,"log_dist_road",0.960616532083282,1.27428027307045,"log_dist_road","DC binary","Unadjusted"
-0.718541859788455,0.335982634185662,-2.13862797263323,0.0327878000821975,"log_dist_road",-1.37706782279235,-0.0600158967845569,"log_dist_road","ACE","Unadjusted"
0.0692709046548034,0.240595985553961,0.287913800786453,0.774082113824949,"log_dist_road",-0.40229722703096,0.540839036340567,"log_dist_road","RUDAS","Unadjusted"
1.07244186853861,0.0727399518601617,0.961482194224066,0.336309774100986,"log_dist_road",0.929942858566922,1.23677659417374,"log_dist_road","DC binary","Age & sex adjusted"
0.98773088828362,0.00572793527267471,-2.15522662679941,0.0311441042461591,"age_n",0.976703891940438,0.998882379521678,"log_dist_road","DC binary","Age & sex adjusted"
0.351199088370313,0.241595947199854,-4.33120681496967,1.48294310075183e-05,"sexMasculino",0.2187271821202,0.563902476484874,"log_dist_road","DC binary","Age & sex adjusted"
-0.924200242180293,0.326974996291523,-2.82651656139572,0.00483113778924084,"log_dist_road",-1.56507123491168,-0.283329249448908,"log_dist_road","ACE","Age & sex adjusted"
-0.296375355624974,0.0455662607982667,-6.50427203006851,1.42680074379956e-10,"age_n",-0.385685226789576,-0.207065484460371,"log_dist_road","ACE","Age & sex adjusted"
3.71021214006085,0.844766744001833,4.39199597569954,1.28494820197187e-05,"sexMasculino",2.05446932181726,5.36595495830445,"log_dist_road","ACE","Age & sex adjusted"
0.0692427273453751,0.240971755746072,0.287347897395664,0.774529267011084,"log_dist_road",-0.403061913916926,0.541547368607676,"log_dist_road","RUDAS","Age & sex adjusted"
0.00250323971178161,0.0601960701725434,0.041584769647029,0.966925002289585,"age_n",-0.115481057826403,0.120487537249967,"log_dist_road","RUDAS","Age & sex adjusted"
0.0396819777981408,0.761554722329556,0.0521065350061198,0.958563261451946,"sexMasculino",-1.45296527796779,1.53232923356407,"log_dist_road","RUDAS","Age & sex adjusted"
1.00490612547212,0.0836779929992683,0.0584876558631494,0.953360194857269,"log_dist_road",0.852898494663846,1.18400528002971,"log_dist_road","DC binary","Fully adjusted"
0.961120300016393,0.00940153434204226,-4.21800253923477,2.46476044432099e-05,"age_n",0.943571907946584,0.978995054138359,"log_dist_road","DC binary","Fully adjusted"
0.583023577398118,0.285543540250978,-1.88947594986375,0.0588280824066948,"sexMasculino",0.333139822135963,1.02034181810714,"log_dist_road","DC binary","Fully adjusted"
0.618693316023776,0.446402627106979,-1.07558860680112,0.282111285041832,"ses_levelNSE D",0.257922860547735,1.48409264103076,"log_dist_road","DC binary","Fully adjusted"
0.53289243863341,0.340090463138669,-1.8507889726223,0.0641999181256395,"ses_levelNSE C",0.273620549940448,1.03783999854714,"log_dist_road","DC binary","Fully adjusted"
0.297689689240984,0.350309518447371,-3.4589515342327,0.000542282474155308,"ses_levelNSE B",0.14982155858792,0.591497992115663,"log_dist_road","DC binary","Fully adjusted"
0.363014126846656,0.537874493413615,-1.88392188317131,0.0595755427207517,"ses_levelNSE A",0.126495627626124,1.04176925924849,"log_dist_road","DC binary","Fully adjusted"
1.02523309701734,0.0186611804530903,1.33539239509082,0.181747952480658,"bmi",0.988411751790136,1.06342614939177,"log_dist_road","DC binary","Fully adjusted"
0.54581754464011,0.346414579882388,-1.74782056406213,0.0804951032915519,"education_catprimary",0.276804692425276,1.07627074319696,"log_dist_road","DC binary","Fully adjusted"
0.100130424234838,0.403346506014648,-5.70547077045299,1.16021967207616e-08,"education_catsecondary_or_higher",0.045418269080648,0.220750417406826,"log_dist_road","DC binary","Fully adjusted"
1.00859639616166,0.238953575799536,0.0358214247929422,0.971424749514404,"civil_stat_catsingle",0.631416638768268,1.61108629055882,"log_dist_road","DC binary","Fully adjusted"
0.874671160867339,0.316997719379776,-0.42242347886515,0.672715943405054,"civil_stat_catseparated_widowed",0.46990590361459,1.62809114286102,"log_dist_road","DC binary","Fully adjusted"
1.32348500853995,0.233149893074151,1.20209540649067,0.229326565882644,"occupation_cathomemaker",0.838026651809558,2.09016331884879,"log_dist_road","DC binary","Fully adjusted"
0.860976619945611,0.318393056931063,-0.470135658423675,0.638258099406132,"occupation_catnot_employed",0.461285408101186,1.60698935425758,"log_dist_road","DC binary","Fully adjusted"
1.42554892750275,0.240650040681239,1.47333011382152,0.140662044487193,"htn_cathypertension",0.889481004013321,2.28469156230998,"log_dist_road","DC binary","Fully adjusted"
1.04595506903245,0.246735681382409,0.182099360062166,0.855504750933275,"glucose_catPrediabetes",0.644892575399662,1.69644069131464,"log_dist_road","DC binary","Fully adjusted"
1.04939040555994,0.271798499451478,0.177371948482272,0.859216239813605,"glucose_catDiabetes",0.615995494571524,1.78770824297545,"log_dist_road","DC binary","Fully adjusted"
0.927721075039378,0.227751749846293,-0.329411989658983,0.741844306612042,"chronic_disSí",0.593678360588392,1.44971831585577,"log_dist_road","DC binary","Fully adjusted"
-0.544992599025845,0.309958499595024,-1.75827602642904,0.0791356655354292,"log_dist_road",-1.15251125823209,0.0625260601804017,"log_dist_road","ACE","Fully adjusted"
-0.174480725829725,0.0445907336297968,-3.91293687334922,0.000100038812691531,"age_n",-0.261878563744127,-0.0870828879153232,"log_dist_road","ACE","Fully adjusted"
1.27404380896893,0.907220343793666,1.40433778594662,0.160659930158492,"sexMasculino",-0.504108064866653,3.05219568280452,"log_dist_road","ACE","Fully adjusted"
0.712351186653765,2.53446235809065,0.281065995862893,0.778742483904926,"ses_levelNSE D",-4.2551950352039,5.67989740851143,"log_dist_road","ACE","Fully adjusted"
3.48598351728509,1.85262912460725,1.88164132312456,0.0602976701311507,"ses_levelNSE C",-0.14516956694512,7.11713660151529,"log_dist_road","ACE","Fully adjusted"
6.52675675343214,1.79733777494273,3.63134678657722,0.000302434768119881,"ses_levelNSE B",3.00397471454439,10.0495387923199,"log_dist_road","ACE","Fully adjusted"
7.31374199508938,2.03157481537775,3.60003576522457,0.000340536767767512,"ses_levelNSE A",3.331855356949,11.2956286332298,"log_dist_road","ACE","Fully adjusted"
-0.0201124046469552,0.0684323099312035,-0.29390217380028,0.768919406923066,"bmi",-0.154239732112114,0.114014922818204,"log_dist_road","ACE","Fully adjusted"
18.1158460258397,4.78446870011737,3.78638615096285,0.000165913839762831,"education_catprimary",8.7382873736096,27.4934046780697,"log_dist_road","ACE","Fully adjusted"
27.2437732790271,4.7124538132702,5.78122870983032,1.11521153560555e-08,"education_catsecondary_or_higher",18.0073638050175,36.4801827530367,"log_dist_road","ACE","Fully adjusted"
0.12957744621641,0.86728408672885,0.149405999947652,0.881276127987745,"civil_stat_catsingle",-1.57029936377214,1.82945425620496,"log_dist_road","ACE","Fully adjusted"
0.459760398041797,1.24053826587056,0.370613636588755,0.711036966242537,"civil_stat_catseparated_widowed",-1.9716946030645,2.8912153991481,"log_dist_road","ACE","Fully adjusted"
-1.05475692748445,0.851433802630264,-1.2388008606495,0.215832716047674,"occupation_cathomemaker",-2.72356718063976,0.614053325670869,"log_dist_road","ACE","Fully adjusted"
-0.81472673309475,1.29552724503165,-0.628876572236694,0.529634145905853,"occupation_catnot_employed",-3.35396013335678,1.72450666716728,"log_dist_road","ACE","Fully adjusted"
-2.32839523673876,0.991432502466161,-2.34851614300211,0.0191244449727701,"htn_cathypertension",-4.27160294157244,-0.385187531905087,"log_dist_road","ACE","Fully adjusted"
-0.13104261930681,0.879597832579235,-0.148980152580135,0.881612019782762,"glucose_catPrediabetes",-1.85505437116211,1.59296913254849,"log_dist_road","ACE","Fully adjusted"
0.51126842424464,1.01724380102765,0.502601661202694,0.61540176477152,"glucose_catDiabetes",-1.48252942576955,2.50506627425883,"log_dist_road","ACE","Fully adjusted"
0.960253130522948,0.781097940934168,1.2293632849352,0.219346932046877,"chronic_disSí",-0.57069883370802,2.49120509475392,"log_dist_road","ACE","Fully adjusted"
0.135147805581737,0.266477527156099,0.507163988738793,0.613633833366692,"log_dist_road",-0.387148147644217,0.657443758807691,"log_dist_road","RUDAS","Fully adjusted"
0.0356039389733219,0.0674710958026657,0.52769172561616,0.599382045552302,"age_n",-0.0966394087999028,0.167847286746547,"log_dist_road","RUDAS","Fully adjusted"
-1.39218759689653,0.772113762738853,-1.80308610477055,0.0756785263097622,"sexMasculino",-2.90553057186468,0.121155378071621,"log_dist_road","RUDAS","Fully adjusted"
0.598891674145802,1.72542528135636,0.347098005701534,0.729559071442857,"ses_levelNSE D",-2.78294187731267,3.98072522560427,"log_dist_road","RUDAS","Fully adjusted"
1.19336295563565,1.69594946267576,0.703654785651952,0.483981854053511,"ses_levelNSE C",-2.13069799120883,4.51742390248014,"log_dist_road","RUDAS","Fully adjusted"
1.15524510910379,1.6371804434671,0.705630899583249,0.482759411414283,"ses_levelNSE B",-2.05362856009172,4.36411877829931,"log_dist_road","RUDAS","Fully adjusted"
1.62423603770094,1.68902437541021,0.961641561452581,0.339539827847566,"ses_levelNSE A",-1.68625173810307,4.93472381350495,"log_dist_road","RUDAS","Fully adjusted"
0.0026445856693075,0.0523825799111344,0.0504859759445596,0.959878909705594,"bmi",-0.100025270956516,0.105314442295131,"log_dist_road","RUDAS","Fully adjusted"
0.428706019154349,1.3219618098483,0.32429531319331,0.746681538817344,"education_catprimary",-2.16233912814832,3.01975116645701,"log_dist_road","RUDAS","Fully adjusted"
-0.393254737416248,1.17014709762062,-0.336072907599303,0.737821203493072,"education_catsecondary_or_higher",-2.68674304875267,1.90023357392017,"log_dist_road","RUDAS","Fully adjusted"
1.62787089058328,1.09632237442567,1.48484691050483,0.142073926486409,"civil_stat_catsingle",-0.520920963291033,3.77666274445759,"log_dist_road","RUDAS","Fully adjusted"
0.16166294106322,0.802438534633024,0.201464578389363,0.840919620497605,"civil_stat_catseparated_widowed",-1.41111658681751,1.73444246894395,"log_dist_road","RUDAS","Fully adjusted"
-3.11383432291484,1.31977094458782,-2.35937481097322,0.0211000751829512,"occupation_cathomemaker",-5.70058537430698,-0.52708327152271,"log_dist_road","RUDAS","Fully adjusted"
-0.688276670669,0.861092022843173,-0.799306755155427,0.426816513820053,"occupation_catnot_employed",-2.37601703544162,0.999463694103619,"log_dist_road","RUDAS","Fully adjusted"
0.199383585225222,0.683767557081031,0.291595562205935,0.771458249400556,"htn_cathypertension",-1.1408008266536,1.53956799710404,"log_dist_road","RUDAS","Fully adjusted"
-0.0081398846674133,0.968703872261628,-0.00840286170056196,0.993319467294956,"glucose_catPrediabetes",-1.9067994743002,1.89051970496538,"log_dist_road","RUDAS","Fully adjusted"
-0.379710710227729,0.979276786578133,-0.387746054467955,0.699380550140462,"glucose_catDiabetes",-2.29909321192087,1.53967179146541,"log_dist_road","RUDAS","Fully adjusted"
-2.14717217589157,0.76406115633142,-2.81020983477428,0.00641480058288483,"chronic_disSí",-3.64473204230115,-0.649612309481982,"log_dist_road","RUDAS","Fully adjusted"
