"macAddress","datetime","datetime_local","virusIndex","moldIndex","temperature","humidity","pm25","tvoc","co2","co","airPressure","ozone","no2"
"e415f654da82",2025-02-23 01:00:00,2025-02-22 20:00:00,4,5,25.1,65.4,6,0,934,0,1003,8,19
"e415f654da82",2025-02-23 02:00:00,2025-02-22 21:00:00,3,3,24.7,65.3,11,1,545,0,1003.8,6,11
"e415f654da82",2025-02-23 03:00:00,2025-02-22 22:00:00,4,4,24.7,65.6,21,2946,538,0,1003.8,3,0
"e415f654da82",2025-02-23 04:00:00,2025-02-22 23:00:00,4,4,24.6,67.6,24,3550,551,0,1003.3,3,0
"e415f654da82",2025-02-23 05:00:00,2025-02-23,4,4,24.5,68.7,24,3243,543,0,1002.7,3,0
"e415f654da82",2025-02-23 06:00:00,2025-02-23 01:00:00,4,4,24.4,69.5,23,3033,545,0,1001.9,3,0
"e415f654da82",2025-02-23 07:00:00,2025-02-23 02:00:00,6,5,24.4,69.6,25,2981,539,0,1001.4,3,0
"e415f654da82",2025-02-23 08:00:00,2025-02-23 03:00:00,5,6,24.2,70.2,24,2887,534,0,1001.3,3,0
"e415f654da82",2025-02-23 09:00:00,2025-02-23 04:00:00,5,6,24.1,70.7,24,2763,533,0,1001.5,3,1
"e415f654da82",2025-02-23 10:00:00,2025-02-23 05:00:00,5,6,24.2,71.2,24,2543,536,0,1001.8,3,1
"e415f654da82",2025-02-23 11:00:00,2025-02-23 06:00:00,6,7,23.8,75.3,25,2510,551,0,1002.3,3,1
"e415f654da82",2025-02-23 12:00:00,2025-02-23 07:00:00,4,6,23.3,79.5,25,2627,550,0,1002.8,3,0
"e415f654da82",2025-02-23 13:00:00,2025-02-23 08:00:00,5,7,23.4,80,25,2644,552,0,1003,3,1
"e415f654da82",2025-02-23 14:00:00,2025-02-23 09:00:00,4,6,23,79.3,24,2297,539,0,1002.8,3,0
"e415f654da82",2025-02-23 15:00:00,2025-02-23 10:00:00,5,7,23.3,80.1,21,298,551,0,1002.4,5,9
"e415f654da82",2025-02-23 16:00:00,2025-02-23 11:00:00,5,6,24,74.3,20,1911,538,0,1001.9,3,0
"e415f654da82",2025-02-23 17:00:00,2025-02-23 12:00:00,5,6,24.2,70.2,19,2124,535,0,1001.2,3,0
"e415f654da82",2025-02-23 18:00:00,2025-02-23 13:00:00,4,4,24.7,67,19,2724,527,0,1000.6,3,0
"e415f654da82",2025-02-23 19:00:00,2025-02-23 14:00:00,4,5,25.1,64.6,19,1993,527,0,1000,3,0
"e415f654da82",2025-02-23 20:00:00,2025-02-23 15:00:00,4,5,25.5,64.6,19,2072,536,0,999.7,3,0
"e415f654da82",2025-02-23 21:00:00,2025-02-23 16:00:00,4,5,26.2,62.1,20,2087,559,0,999.6,3,0
"e415f654da82",2025-02-23 22:00:00,2025-02-23 17:00:00,4,5,25.6,65.3,20,2465,612,0,1000.1,3,1
"e415f654da82",2025-02-23 23:00:00,2025-02-23 18:00:00,4,5,25.4,66.9,20,2416,647,0,1001,3,1
"e415f654da82",2025-02-24,2025-02-23 19:00:00,4,4,24.6,69.7,22,2830,549,0,1001.7,3,1
"e415f654da82",2025-02-24 01:00:00,2025-02-23 20:00:00,5,6,24.2,70.9,22,2566,545,0,1002.3,3,0
"e415f654da82",2025-02-24 02:00:00,2025-02-23 21:00:00,5,6,24.3,70,22,3777,555,0,1002.8,3,1
"e415f654da82",2025-02-24 03:00:00,2025-02-23 22:00:00,4,4,24.1,69.8,22,2890,548,0,1002.9,3,0
"e415f654da82",2025-02-24 04:00:00,2025-02-23 23:00:00,4,4,24.3,69.7,23,2345,555,0,1002.5,3,1
"e415f654da82",2025-02-24 05:00:00,2025-02-24,4,4,24.6,68.9,22,2787,558,0,1002.3,3,1
"e415f654da82",2025-02-24 06:00:00,2025-02-24 01:00:00,4,4,24.6,68.4,22,3003,552,0,1001.8,3,0
"e415f654da82",2025-02-24 07:00:00,2025-02-24 02:00:00,4,4,24.6,68.2,22,3139,553,0,1001.6,3,0
"e415f654da82",2025-02-24 08:00:00,2025-02-24 03:00:00,4,4,24.6,68.2,22,2958,558,0,1001.3,3,1
"e415f654da82",2025-02-24 09:00:00,2025-02-24 04:00:00,5,6,24.4,71.1,22,2815,555,0,1001.3,3,1
"e415f654da82",2025-02-24 10:00:00,2025-02-24 05:00:00,4,6,23.7,75.7,23,2154,557,0,1001.4,3,0
"e415f654da82",2025-02-24 11:00:00,2025-02-24 06:00:00,5,7,22.6,80.6,22,1934,555,0,1001.5,3,0
"e415f654da82",2025-02-24 12:00:00,2025-02-24 07:00:00,5,7,23.1,80,23,2445,573,0,1001.7,3,1
"e415f654da82",2025-02-24 13:00:00,2025-02-24 08:00:00,4,6,23.5,78.2,25,2422,563,0,1002.1,3,0
"e415f654da82",2025-02-24 14:00:00,2025-02-24 09:00:00,5,6,24.1,74,24,2299,562,0,1002.1,3,1
"e415f654da82",2025-02-24 15:00:00,2025-02-24 10:00:00,6,5,24.9,69.4,25,1895,543,0,1001.7,4,1
"e415f654da82",2025-02-24 16:00:00,2025-02-24 11:00:00,4,4,24.9,69.7,23,1314,536,0,1001.1,4,0
"e415f654da82",2025-02-24 17:00:00,2025-02-24 12:00:00,5,6,24.8,72.3,22,3,535,0,1000.5,4,0
"e415f654da82",2025-02-24 18:00:00,2025-02-24 13:00:00,5,7,25.4,70.3,22,8,534,0,999.9,4,1
"e415f654da82",2025-02-24 19:00:00,2025-02-24 14:00:00,4,5,25.9,69,23,16,535,0,999.3,4,0
"e415f654da82",2025-02-24 20:00:00,2025-02-24 15:00:00,3,4,26.2,67.7,13,11,544,0,998.5,6,6
"e415f654da82",2025-02-24 21:00:00,2025-02-24 16:00:00,3,4,25.9,69,10,1318,555,0,998.5,6,0
"e415f654da82",2025-02-24 22:00:00,2025-02-24 17:00:00,4,6,25.3,70.4,10,1686,579,0,998.8,6,0
"e415f654da82",2025-02-24 23:00:00,2025-02-24 18:00:00,3,4,25.7,66.9,9,2082,589,0,999.6,6,0
"e415f654da82",2025-02-25,2025-02-24 19:00:00,3,4,25.4,69.9,12,2438,605,0,1000.4,5,0
"e415f654da82",2025-02-25 01:00:00,2025-02-24 20:00:00,3,4,25.5,68.5,13,2692,678,0,1001,5,0
"e415f654da82",2025-02-25 02:00:00,2025-02-24 21:00:00,4,6,25,70.5,14,2445,586,0,1001.6,6,0
"e415f654da82",2025-02-25 03:00:00,2025-02-24 22:00:00,4,6,22.6,82.6,13,1663,550,0,1001.9,7,1
"e415f654da82",2025-02-25 04:00:00,2025-02-24 23:00:00,3,5,23.1,78.6,12,1522,548,0,1001.9,6,1
"e415f654da82",2025-02-25 05:00:00,2025-02-25,4,6,22.4,80.5,10,1445,544,0,1001.7,7,1
"e415f654da82",2025-02-25 06:00:00,2025-02-25 01:00:00,3,5,22.6,79.1,11,1457,546,0,1001.4,6,1
"e415f654da82",2025-02-25 07:00:00,2025-02-25 02:00:00,4,6,22.1,81.3,11,1341,543,0,1000.7,7,2
"e415f654da82",2025-02-25 08:00:00,2025-02-25 03:00:00,4,6,22.2,80.7,12,1449,544,0,1000.1,7,1
"e415f654da82",2025-02-25 09:00:00,2025-02-25 04:00:00,4,6,22.1,81.2,12,1540,545,0,1000.3,7,1
"e415f654da82",2025-02-25 10:00:00,2025-02-25 05:00:00,4,6,21.9,83.2,12,1574,547,0,1000.9,6,1
"e415f654da82",2025-02-25 11:00:00,2025-02-25 06:00:00,4,6,21.8,84.4,14,1706,553,0,1001.4,6,2
"e415f654da82",2025-02-25 12:00:00,2025-02-25 07:00:00,5,7,21.7,85.3,18,166,577,0,1002,6,4
"e415f654da82",2025-02-25 13:00:00,2025-02-25 08:00:00,5,7,22.1,84,18,2822,574,0,1002.4,5,0
"e415f654da82",2025-02-25 14:00:00,2025-02-25 09:00:00,4,6,23.1,79.3,16,1911,555,0,1002.2,6,1
"e415f654da82",2025-02-25 15:00:00,2025-02-25 10:00:00,4,6,23.3,78.4,15,1772,554,0,1001.7,6,1
"e415f654da82",2025-02-25 16:00:00,2025-02-25 11:00:00,4,6,21.3,87.9,13,1221,547,0,1001.7,7,3
"e415f654da82",2025-02-25 17:00:00,2025-02-25 12:00:00,4,6,22.2,83.4,11,1206,550,0,1001,7,2
"e415f654da82",2025-02-25 18:00:00,2025-02-25 13:00:00,4,6,22.5,82,11,1160,546,0,1000.1,7,3
"e415f654da82",2025-02-25 19:00:00,2025-02-25 14:00:00,3,5,23.6,77.2,10,1234,555,0,999.5,6,1
"e415f654da82",2025-02-25 20:00:00,2025-02-25 15:00:00,3,4,25.4,69.7,9,2675,587,0,999,4,1
"e415f654da82",2025-02-25 21:00:00,2025-02-25 16:00:00,3,4,25.3,68.7,7,1724,555,0,998.8,4,1
"e415f654da82",2025-02-25 22:00:00,2025-02-25 17:00:00,4,5,24.9,71.3,7,1589,559,0,999.3,4,1
"e415f654da82",2025-02-25 23:00:00,2025-02-25 18:00:00,4,5,24.7,71.3,8,1837,566,0,1000.2,4,0
"e415f654da82",2025-02-26,2025-02-25 19:00:00,4,5,24.6,71.2,8,2033,564,0,1000.7,4,0
"e415f654da82",2025-02-26 01:00:00,2025-02-25 20:00:00,4,5,24.7,70.8,13,2394,601,0,1001.3,4,0
"e415f654da82",2025-02-26 02:00:00,2025-02-25 21:00:00,4,5,24.5,71.2,9,2233,574,0,1001.7,4,1
"e415f654da82",2025-02-26 03:00:00,2025-02-25 22:00:00,4,5,24.5,71.6,8,2421,608,0,1001.8,3,1
"e415f654da82",2025-02-26 04:00:00,2025-02-25 23:00:00,4,5,24.5,71.9,8,2032,567,0,1001.6,4,1
"e415f654da82",2025-02-26 05:00:00,2025-02-26,4,5,24.6,71.6,8,1900,548,0,1001.1,4,0
"e415f654da82",2025-02-26 06:00:00,2025-02-26 01:00:00,4,5,24.4,72.2,8,1656,545,0,1000.6,4,0
"e415f654da82",2025-02-26 07:00:00,2025-02-26 02:00:00,4,5,24.2,72.3,8,1782,547,0,1000.2,4,1
"e415f654da82",2025-02-26 08:00:00,2025-02-26 03:00:00,4,5,24.1,72.7,7,1755,549,0,1000,4,0
"e415f654da82",2025-02-26 09:00:00,2025-02-26 04:00:00,3,5,23.9,73.4,7,1677,547,0,1000.1,4,0
"e415f654da82",2025-02-26 10:00:00,2025-02-26 05:00:00,3,5,23.9,73.3,8,1785,558,0,1000.5,4,0
"e415f654da82",2025-02-26 11:00:00,2025-02-26 06:00:00,3,5,23,77.2,11,1844,565,0,1001,4,3
"e415f654da82",2025-02-26 12:00:00,2025-02-26 07:00:00,5,7,22,82.3,23,388,571,0,1001.8,5,7
"e415f654da82",2025-02-26 13:00:00,2025-02-26 08:00:00,5,7,22.2,82,22,2225,561,0,1002.2,4,0
"e415f654da82",2025-02-26 14:00:00,2025-02-26 09:00:00,4,6,22.6,80.8,12,1698,552,0,1002.3,4,1
"e415f654da82",2025-02-26 15:00:00,2025-02-26 10:00:00,4,6,22.7,80.5,13,1549,549,0,1002.2,4,0
"e415f654da82",2025-02-26 16:00:00,2025-02-26 11:00:00,4,6,22.7,80.3,11,1284,549,0,1002,5,0
"e415f654da82",2025-02-26 17:00:00,2025-02-26 12:00:00,4,6,22.6,80.4,14,194,541,0,1001.6,8,13
"e415f654da82",2025-02-26 18:00:00,2025-02-26 13:00:00,3,5,23.6,77,12,960,550,0,1000.8,7,10
"e415f654da82",2025-02-26 19:00:00,2025-02-26 14:00:00,4,5,24.6,74.1,12,2497,662,0,1000.3,4,0
"e415f654da82",2025-02-26 20:00:00,2025-02-26 15:00:00,4,5,24.5,73.1,7,2029,559,0,1000,3,0
"e415f654da82",2025-02-26 21:00:00,2025-02-26 16:00:00,4,5,24.6,73.9,7,1649,574,0,999.9,3,0
"e415f654da82",2025-02-26 22:00:00,2025-02-26 17:00:00,4,5,24.5,74.5,7,1470,560,0,1000.2,4,0
"e415f654da82",2025-02-26 23:00:00,2025-02-26 18:00:00,4,5,24.5,74.5,8,1596,556,0,1000.8,4,1
"e415f654da82",2025-02-27,2025-02-26 19:00:00,4,5,24.5,74.3,8,1817,591,0,1001.4,4,0
"e415f654da82",2025-02-27 01:00:00,2025-02-26 20:00:00,4,5,24.2,74.6,8,1829,571,0,1002.1,4,1
"e415f654da82",2025-02-27 02:00:00,2025-02-26 21:00:00,3,5,23.8,76,8,1690,547,0,1002.7,4,1
"e415f654da82",2025-02-27 03:00:00,2025-02-26 22:00:00,4,5,24.1,74.8,8,2086,570,0,1002.9,4,1
"e415f654da82",2025-02-27 04:00:00,2025-02-26 23:00:00,4,5,24.2,74.5,9,1928,558,0,1002.7,4,0
"e415f654da82",2025-02-27 05:00:00,2025-02-27,4,5,24.1,74.5,9,1805,548,0,1002.2,4,0
"e415f654da82",2025-02-27 06:00:00,2025-02-27 01:00:00,4,5,24.3,73.8,9,1863,550,0,1001.8,4,0
"e415f654da82",2025-02-27 07:00:00,2025-02-27 02:00:00,4,5,24.2,73.8,9,1680,541,0,1001.6,4,1
"e415f654da82",2025-02-27 08:00:00,2025-02-27 03:00:00,4,5,24,73.6,8,1502,542,0,1001.4,4,1
"e415f654da82",2025-02-27 09:00:00,2025-02-27 04:00:00,4,5,24,73.8,8,1397,540,0,1001.5,5,0
"e415f654da82",2025-02-27 10:00:00,2025-02-27 05:00:00,3,5,23.9,74.2,9,1287,544,0,1001.9,6,0
"e415f654da82",2025-02-27 11:00:00,2025-02-27 06:00:00,3,5,23.6,76.5,5,190,554,0,1002.5,6,9
"e415f654da82",2025-02-27 12:00:00,2025-02-27 07:00:00,3,5,23.5,77.9,5,1253,560,0,1003.2,3,0
"e415f654da82",2025-02-27 13:00:00,2025-02-27 08:00:00,3,5,23.9,76.1,6,1616,561,0,1003.6,3,0
"e415f654da82",2025-02-27 14:00:00,2025-02-27 09:00:00,4,5,24.4,74.5,6,1542,548,0,1003.7,3,0
"e415f654da82",2025-02-27 15:00:00,2025-02-27 10:00:00,4,5,24.7,72.2,11,1460,549,0,1003.4,3,0
"e415f654da82",2025-02-27 16:00:00,2025-02-27 11:00:00,4,5,24.9,72.6,10,1275,538,0,1003,3,0
"e415f654da82",2025-02-27 17:00:00,2025-02-27 12:00:00,3,4,25.5,69,7,1096,536,0,1002.1,4,0
"e415f654da82",2025-02-27 18:00:00,2025-02-27 13:00:00,4,6,25.3,71.1,7,1047,543,0,1001.1,3,1
"e415f654da82",2025-02-27 19:00:00,2025-02-27 14:00:00,4,6,25.1,71.9,8,1266,539,0,1000.1,3,1
"e415f654da82",2025-02-27 20:00:00,2025-02-27 15:00:00,4,6,25.1,71.8,14,1117,553,0,999.6,4,1
"e415f654da82",2025-02-27 21:00:00,2025-02-27 16:00:00,3,4,25.9,68.4,9,1310,572,0,999.2,4,0
"e415f654da82",2025-02-27 22:00:00,2025-02-27 17:00:00,3,4,26,66.1,7,1774,586,0,999.4,4,1
"e415f654da82",2025-02-27 23:00:00,2025-02-27 18:00:00,3,4,25.7,67.8,8,1847,578,0,1000,4,0
"e415f654da82",2025-02-28,2025-02-27 19:00:00,3,4,25.4,68.6,9,1781,548,0,1000.6,3,1
"e415f654da82",2025-02-28 01:00:00,2025-02-27 20:00:00,3,4,25.2,67.9,8,1877,553,0,1001,3,1
"e415f654da82",2025-02-28 02:00:00,2025-02-27 21:00:00,3,3,24.9,68.7,8,1803,566,0,1001.5,3,0
"e415f654da82",2025-02-28 03:00:00,2025-02-27 22:00:00,3,4,25.1,67.1,9,1857,581,0,1001.6,3,0
"e415f654da82",2025-02-28 04:00:00,2025-02-27 23:00:00,3,3,24.8,66.6,11,379,558,0,1001.3,6,9
"e415f654da82",2025-02-28 05:00:00,2025-02-28,3,3,24.6,67.6,10,1318,574,0,1000.8,6,0
"e415f654da82",2025-02-28 06:00:00,2025-02-28 01:00:00,3,3,24.8,67.6,10,1494,546,0,1000,6,0
"e415f654da82",2025-02-28 07:00:00,2025-02-28 02:00:00,3,3,24.7,69.1,10,1265,543,0,999.5,6,0
"e415f654da82",2025-02-28 08:00:00,2025-02-28 03:00:00,4,5,24.6,70.4,9,1210,540,0,999.4,6,0
"e415f654da82",2025-02-28 09:00:00,2025-02-28 04:00:00,4,5,24.5,71.9,10,1177,547,0,999.9,6,1
"e415f654da82",2025-02-28 10:00:00,2025-02-28 05:00:00,4,5,24.4,71.6,10,1122,547,0,1000.2,6,0
"e415f654da82",2025-02-28 11:00:00,2025-02-28 06:00:00,4,5,24,72.1,8,1378,554,0,1000.5,5,1
"e415f654da82",2025-02-28 12:00:00,2025-02-28 07:00:00,3,5,23.5,74.3,9,1584,562,0,1001.1,4,1
"e415f654da82",2025-02-28 13:00:00,2025-02-28 08:00:00,3,5,23.9,74,9,1106,546,0,1001.5,5,1
"e415f654da82",2025-02-28 14:00:00,2025-02-28 09:00:00,4,5,24.3,73,9,1050,571,0,1001.7,5,0
"e415f654da82",2025-02-28 15:00:00,2025-02-28 10:00:00,4,5,24.6,71,10,944,543,0,1001.8,6,1
"e415f654da82",2025-02-28 16:00:00,2025-02-28 11:00:00,4,5,24.6,71.8,11,6,538,0,1001.5,5,3
"e415f654da82",2025-02-28 17:00:00,2025-02-28 12:00:00,4,6,25.1,70.1,8,878,541,0,1001,4,0
"e415f654da82",2025-02-28 18:00:00,2025-02-28 13:00:00,3,4,25.9,67.3,8,1242,576,0,1000.2,4,1
"e415f654da82",2025-02-28 19:00:00,2025-02-28 14:00:00,3,4,26.3,65.5,10,1402,610,0,999.6,5,1
"e415f654da82",2025-02-28 20:00:00,2025-02-28 15:00:00,3,4,26.2,67.2,9,1078,569,0,999.3,5,0
"e415f654da82",2025-02-28 21:00:00,2025-02-28 16:00:00,3,4,26.2,67.2,9,1141,556,0,999,6,0
"e415f654da82",2025-02-28 22:00:00,2025-02-28 17:00:00,3,4,25.9,69.4,7,539,550,0,999.4,7,9
"e415f654da82",2025-02-28 23:00:00,2025-02-28 18:00:00,4,6,25.6,70.8,5,578,551,0,1000.2,3,1
"e415f654da82",2025-03-01,2025-02-28 19:00:00,4,6,25.8,70,5,1337,545,0,1000.9,3,0
"e415f654da82",2025-03-01 01:00:00,2025-02-28 20:00:00,3,4,25.8,68.8,5,1576,547,0,1001.5,4,1
"e415f654da82",2025-03-01 02:00:00,2025-02-28 21:00:00,4,6,25.6,70,6,1605,562,0,1001.9,3,0
"e415f654da82",2025-03-01 03:00:00,2025-02-28 22:00:00,4,6,25.1,71.8,5,1301,555,0,1001.9,3,0
"e415f654da82",2025-03-01 04:00:00,2025-02-28 23:00:00,4,5,24.7,71.7,4,1184,549,0,1001.5,3,0
"e415f654da82",2025-03-01 05:00:00,2025-03-01,4,5,24.6,71.1,4,1068,544,0,1001.2,3,1
"e415f654da82",2025-03-01 06:00:00,2025-03-01 01:00:00,4,5,24,73.4,5,949,542,0,1000.9,4,1
"e415f654da82",2025-03-01 07:00:00,2025-03-01 02:00:00,3,5,23.2,77.3,4,764,539,0,1000.4,4,1
"e415f654da82",2025-03-01 08:00:00,2025-03-01 03:00:00,3,5,22.8,79.2,5,727,534,0,1000.1,4,0
"e415f654da82",2025-03-01 09:00:00,2025-03-01 04:00:00,4,6,22.6,80.9,5,722,537,0,1000.1,4,0
"e415f654da82",2025-03-01 10:00:00,2025-03-01 05:00:00,4,6,22.3,82.3,6,763,536,0,1000.4,4,0
"e415f654da82",2025-03-01 11:00:00,2025-03-01 06:00:00,4,6,21.9,83.8,6,783,541,0,1001,4,1
"e415f654da82",2025-03-01 12:00:00,2025-03-01 07:00:00,4,6,21.8,83.6,6,988,540,0,1001.8,4,1
"e415f654da82",2025-03-01 13:00:00,2025-03-01 08:00:00,4,6,22.5,80.7,7,1162,539,0,1002.2,4,1
"e415f654da82",2025-03-01 14:00:00,2025-03-01 09:00:00,3,5,22.7,79.8,10,1066,540,0,1002,5,3
"e415f654da82",2025-03-01 15:00:00,2025-03-01 10:00:00,3,5,23.6,75.6,13,183,533,0,1001.7,7,7
"e415f654da82",2025-03-01 16:00:00,2025-03-01 11:00:00,3,5,23.9,75.6,11,872,537,0,1001.4,7,3
"e415f654da82",2025-03-01 17:00:00,2025-03-01 12:00:00,3,5,23.9,75.8,11,672,534,0,1000.8,7,4
"e415f654da82",2025-03-01 18:00:00,2025-03-01 13:00:00,4,5,24.7,71.2,11,707,531,0,1000.2,7,5
"e415f654da82",2025-03-01 19:00:00,2025-03-01 14:00:00,4,6,25.1,70.3,12,680,526,0,999.6,7,9
"e415f654da82",2025-03-01 20:00:00,2025-03-01 15:00:00,3,4,25.4,69.2,11,640,530,0,999.1,7,8
"e415f654da82",2025-03-01 21:00:00,2025-03-01 16:00:00,3,4,26.3,65.7,10,1074,549,0,998.7,6,1
"e415f654da82",2025-03-01 22:00:00,2025-03-01 17:00:00,3,4,25.8,66.1,9,1244,581,0,998.9,5,0
"e415f654da82",2025-03-01 23:00:00,2025-03-01 18:00:00,4,6,25.3,70.6,9,1649,561,0,999.7,4,0
"60b6e1afeedc",2025-02-22 23:00:00,2025-02-22 18:00:00,6,6,26.7,68.1,43,639,0,0,1002,8,15
"60b6e1afeedc",2025-02-23 02:00:00,2025-02-22 21:00:00,7,8,25.5,72.3,32,630,0,0,1004.4,7,11
"60b6e1afeedc",2025-02-23 03:00:00,2025-02-22 22:00:00,7,8,25.6,72.1,38,343,0,0,1004.3,7,2
"60b6e1afeedc",2025-02-23 04:00:00,2025-02-22 23:00:00,7,8,25.3,74.6,39,234,0,0,1003.9,6,0
"60b6e1afeedc",2025-02-23 05:00:00,2025-02-23,7,8,25.3,75.6,38,139,0,0,1003.3,6,1
"60b6e1afeedc",2025-02-23 06:00:00,2025-02-23 01:00:00,7,8,25.2,76.3,38,83,0,0,1002.5,6,1
"60b6e1afeedc",2025-02-23 07:00:00,2025-02-23 02:00:00,7,8,25.1,76.5,38,51,0,0,1001.9,6,1
"60b6e1afeedc",2025-02-23 08:00:00,2025-02-23 03:00:00,7,8,25,77.1,39,21,0,0,1001.9,6,1
"60b6e1afeedc",2025-02-23 09:00:00,2025-02-23 04:00:00,7,7,24.9,77.6,38,5,0,0,1002.1,6,1
"60b6e1afeedc",2025-02-23 10:00:00,2025-02-23 05:00:00,7,8,25.1,77.5,38,2,0,0,1002.4,7,1
"60b6e1afeedc",2025-02-23 11:00:00,2025-02-23 06:00:00,8,8,24.9,80.5,38,2,0,0,1002.9,7,2
"60b6e1afeedc",2025-02-23 12:00:00,2025-02-23 07:00:00,8,8,24.7,83.4,40,4,0,0,1003.4,7,2
"60b6e1afeedc",2025-02-23 13:00:00,2025-02-23 08:00:00,8,8,24.7,84.3,39,2,0,0,1003.6,7,2
"60b6e1afeedc",2025-02-23 14:00:00,2025-02-23 09:00:00,8,8,24.1,84.5,37,5,0,0,1003.4,7,2
"60b6e1afeedc",2025-02-23 15:00:00,2025-02-23 10:00:00,8,8,24.7,83.9,31,994,0,0,1003,7,8
"60b6e1afeedc",2025-02-23 16:00:00,2025-02-23 11:00:00,8,9,25,80,30,824,0,0,1002.5,7,6
"60b6e1afeedc",2025-02-23 17:00:00,2025-02-23 12:00:00,7,8,25,76.9,29,645,0,0,1001.8,7,3
"60b6e1afeedc",2025-02-23 18:00:00,2025-02-23 13:00:00,7,8,25.4,73.9,29,707,0,0,1001.3,7,4
"60b6e1afeedc",2025-02-23 19:00:00,2025-02-23 14:00:00,7,8,25.8,71.8,29,451,0,0,1000.7,7,4
"60b6e1afeedc",2025-02-23 20:00:00,2025-02-23 15:00:00,7,8,26.2,71.6,30,454,0,0,1000.2,7,2
"60b6e1afeedc",2025-02-23 21:00:00,2025-02-23 16:00:00,6,6,26.7,69.6,30,430,0,0,1000.1,6,1
"60b6e1afeedc",2025-02-23 22:00:00,2025-02-23 17:00:00,7,8,26.1,73.1,30,487,0,0,1000.7,6,1
"60b6e1afeedc",2025-02-23 23:00:00,2025-02-23 18:00:00,7,8,25.9,74.4,29,416,0,0,1001.6,6,1
"60b6e1afeedc",2025-02-24,2025-02-23 19:00:00,7,8,25.1,77.3,30,373,0,0,1002.4,6,1
"60b6e1afeedc",2025-02-24 01:00:00,2025-02-23 20:00:00,7,7,24.7,78.5,30,313,0,0,1003,6,1
"60b6e1afeedc",2025-02-24 02:00:00,2025-02-23 21:00:00,7,8,25,76.8,30,533,0,0,1003.5,6,1
"60b6e1afeedc",2025-02-24 03:00:00,2025-02-23 22:00:00,7,7,24.7,77.2,32,271,0,0,1003.6,6,1
"60b6e1afeedc",2025-02-24 04:00:00,2025-02-23 23:00:00,7,7,24.8,77.1,33,202,0,0,1003.2,6,1
"60b6e1afeedc",2025-02-24 05:00:00,2025-02-24,7,8,25.4,75.3,32,269,0,0,1003,6,0
"60b6e1afeedc",2025-02-24 06:00:00,2025-02-24 01:00:00,7,8,25.4,74.9,32,269,0,0,1002.5,6,0
"60b6e1afeedc",2025-02-24 07:00:00,2025-02-24 02:00:00,7,8,25.5,74.7,33,261,0,0,1002.3,6,0
"60b6e1afeedc",2025-02-24 08:00:00,2025-02-24 03:00:00,7,8,25.3,75.1,33,217,0,0,1002,6,1
"60b6e1afeedc",2025-02-24 09:00:00,2025-02-24 04:00:00,7,8,25.1,78.2,32,187,0,0,1002,6,1
"60b6e1afeedc",2025-02-24 10:00:00,2025-02-24 05:00:00,8,8,24.6,81.8,33,119,0,0,1002.2,6,1
"60b6e1afeedc",2025-02-24 11:00:00,2025-02-24 06:00:00,8,8,24.3,83.1,31,107,0,0,1002.3,6,1
"60b6e1afeedc",2025-02-24 12:00:00,2025-02-24 07:00:00,8,8,24.5,83.5,33,180,0,0,1002.4,6,1
"60b6e1afeedc",2025-02-24 13:00:00,2025-02-24 08:00:00,8,8,24.7,82.9,33,135,0,0,1002.8,6,1
"60b6e1afeedc",2025-02-24 14:00:00,2025-02-24 09:00:00,7,8,25.2,79.1,34,108,0,0,1002.8,7,1
"60b6e1afeedc",2025-02-24 15:00:00,2025-02-24 10:00:00,7,8,26.1,74.6,32,62,0,0,1002.5,8,26
"60b6e1afeedc",2025-02-24 16:00:00,2025-02-24 11:00:00,7,8,25.9,75.4,30,38,0,0,1001.9,9,36
"60b6e1afeedc",2025-02-24 17:00:00,2025-02-24 12:00:00,7,8,26,77.5,30,24,0,0,1001.2,9,31
"60b6e1afeedc",2025-02-24 18:00:00,2025-02-24 13:00:00,7,8,26.4,76,29,23,0,0,1000.6,8,24
"60b6e1afeedc",2025-02-24 19:00:00,2025-02-24 14:00:00,7,8,26.9,75.3,30,25,0,0,1000,8,15
"60b6e1afeedc",2025-02-24 20:00:00,2025-02-24 15:00:00,7,8,27.4,73.3,32,948,0,0,999.2,8,22
"60b6e1afeedc",2025-02-24 21:00:00,2025-02-24 16:00:00,8,8,27.4,73.1,33,286,0,0,999.1,10,56
"60b6e1afeedc",2025-02-24 22:00:00,2025-02-24 17:00:00,7,8,26.5,75.2,31,56,0,0,999.5,9,44
"60b6e1afeedc",2025-02-24 23:00:00,2025-02-24 18:00:00,7,8,26.5,73.5,30,71,0,0,1000.4,9,31
"60b6e1afeedc",2025-02-25,2025-02-24 19:00:00,7,8,26.7,74.5,33,108,0,0,1001.1,8,27
"60b6e1afeedc",2025-02-25 01:00:00,2025-02-24 20:00:00,7,8,26.5,74.4,32,114,0,0,1001.7,8,24
"60b6e1afeedc",2025-02-25 02:00:00,2025-02-24 21:00:00,7,8,26.6,74,32,82,0,0,1002.3,9,30
"60b6e1afeedc",2025-02-25 03:00:00,2025-02-24 22:00:00,8,9,25.2,81.2,31,123,0,0,1002.6,10,52
"60b6e1afeedc",2025-02-25 04:00:00,2025-02-24 23:00:00,8,8,24.8,80.6,31,140,0,0,1002.6,10,46
"60b6e1afeedc",2025-02-25 05:00:00,2025-02-25,8,8,24.8,80,32,108,0,0,1002.4,10,49
"60b6e1afeedc",2025-02-25 06:00:00,2025-02-25 01:00:00,8,8,24.6,80.2,31,107,0,0,1002.1,10,45
"60b6e1afeedc",2025-02-25 07:00:00,2025-02-25 02:00:00,8,8,24.5,80.4,32,90,0,0,1001.4,10,49
"60b6e1afeedc",2025-02-25 08:00:00,2025-02-25 03:00:00,7,7,24.6,79.9,31,104,0,0,1000.9,9,41
"60b6e1afeedc",2025-02-25 09:00:00,2025-02-25 04:00:00,8,8,24.5,80.4,30,109,0,0,1001,9,37
"60b6e1afeedc",2025-02-25 10:00:00,2025-02-25 05:00:00,8,8,24.5,81.7,32,633,0,0,1001.6,9,33
"60b6e1afeedc",2025-02-25 11:00:00,2025-02-25 06:00:00,8,8,24.4,82.4,32,2573,0,0,1002.1,9,30
"60b6e1afeedc",2025-02-25 12:00:00,2025-02-25 07:00:00,8,8,24.6,82,33,1691,0,0,1002.7,8,13
"60b6e1afeedc",2025-02-25 13:00:00,2025-02-25 08:00:00,8,8,24.8,81.7,31,3661,0,0,1003.1,8,27
"60b6e1afeedc",2025-02-25 14:00:00,2025-02-25 09:00:00,4,6,25.3,79.4,14,2628,0,0,1003,9,40
"60b6e1afeedc",2025-02-25 15:00:00,2025-02-25 10:00:00,4,6,27.6,71.4,15,2583,0,0,1002.5,10,46
"60b6e1afeedc",2025-02-25 16:00:00,2025-02-25 11:00:00,5,6,25.9,77.3,13,1774,0,0,1002.4,11,71
"60b6e1afeedc",2025-02-25 17:00:00,2025-02-25 12:00:00,5,6,26.3,75.7,11,1754,0,0,1001.7,12,79
"60b6e1afeedc",2025-02-25 18:00:00,2025-02-25 13:00:00,5,6,26.8,74,11,1559,0,0,1000.8,12,95
"60b6e1afeedc",2025-02-25 19:00:00,2025-02-25 14:00:00,5,6,26.9,73.7,10,1663,0,0,1000.2,11,72
"60b6e1afeedc",2025-02-25 20:00:00,2025-02-25 15:00:00,4,6,27.1,72.9,9,3232,0,0,999.8,8,16
"60b6e1afeedc",2025-02-25 21:00:00,2025-02-25 16:00:00,4,6,27.1,71.3,7,1787,0,0,999.5,8,22
"60b6e1afeedc",2025-02-25 22:00:00,2025-02-25 17:00:00,4,6,26.6,74.3,7,1614,0,0,1000,8,28
"60b6e1afeedc",2025-02-25 23:00:00,2025-02-25 18:00:00,4,6,26.2,75.3,8,1829,0,0,1000.9,8,20
"60b6e1afeedc",2025-02-26,2025-02-25 19:00:00,4,6,26.2,74.8,11,1976,0,0,1001.5,8,16
"60b6e1afeedc",2025-02-26 01:00:00,2025-02-25 20:00:00,4,6,26.3,74.3,15,2255,0,0,1002.1,8,15
"60b6e1afeedc",2025-02-26 02:00:00,2025-02-25 21:00:00,4,6,26.1,74.5,12,2000,0,0,1002.4,8,15
"60b6e1afeedc",2025-02-26 03:00:00,2025-02-25 22:00:00,4,6,26.1,74.9,11,2365,0,0,1002.6,8,13
"60b6e1afeedc",2025-02-26 04:00:00,2025-02-25 23:00:00,4,6,26.3,74.6,11,1800,0,0,1002.4,8,14
"60b6e1afeedc",2025-02-26 05:00:00,2025-02-26,4,6,26.3,74.5,10,1609,0,0,1001.8,8,15
"60b6e1afeedc",2025-02-26 06:00:00,2025-02-26 01:00:00,4,6,26,75.3,11,1333,0,0,1001.4,8,19
"60b6e1afeedc",2025-02-26 07:00:00,2025-02-26 02:00:00,4,6,26,75.2,10,1438,0,0,1001,8,16
"60b6e1afeedc",2025-02-26 08:00:00,2025-02-26 03:00:00,4,6,25.8,75.7,10,1367,0,0,1000.8,8,17
"60b6e1afeedc",2025-02-26 09:00:00,2025-02-26 04:00:00,4,6,25.6,76.3,11,1285,0,0,1000.9,8,17
"60b6e1afeedc",2025-02-26 10:00:00,2025-02-26 05:00:00,4,6,25.6,76.1,10,1417,0,0,1001.3,8,15
"60b6e1afeedc",2025-02-26 11:00:00,2025-02-26 06:00:00,4,6,25.8,75.6,14,1610,0,0,1001.7,8,17
"60b6e1afeedc",2025-02-26 12:00:00,2025-02-26 07:00:00,8,8,24.6,80.7,32,1550,0,0,1002.5,7,5
"60b6e1afeedc",2025-02-26 13:00:00,2025-02-26 08:00:00,8,8,24.3,82.4,28,1890,0,0,1003,7,6
"60b6e1afeedc",2025-02-26 14:00:00,2025-02-26 09:00:00,4,6,23.9,84.3,13,1649,0,0,1003,8,11
"60b6e1afeedc",2025-02-26 15:00:00,2025-02-26 10:00:00,5,6,24.2,83.4,14,2327,0,0,1003,8,18
"60b6e1afeedc",2025-02-26 16:00:00,2025-02-26 11:00:00,5,6,24,84.1,11,2038,0,0,1002.7,8,26
"60b6e1afeedc",2025-02-26 17:00:00,2025-02-26 12:00:00,4,6,23.7,85.5,11,1014,0,0,1002.3,10,53
"60b6e1afeedc",2025-02-26 18:00:00,2025-02-26 13:00:00,6,6,24.3,83.8,8,1767,0,0,1001.5,12,88
"60b6e1afeedc",2025-02-26 19:00:00,2025-02-26 14:00:00,5,7,25.1,81.9,9,3908,0,0,1001,7,2
"60b6e1afeedc",2025-02-26 20:00:00,2025-02-26 15:00:00,5,7,25,80.7,5,2538,0,0,1000.6,7,1
"60b6e1afeedc",2025-02-26 21:00:00,2025-02-26 16:00:00,5,7,25.1,81.6,6,2290,0,0,1000.6,7,1
"60b6e1afeedc",2025-02-26 22:00:00,2025-02-26 17:00:00,5,6,24.9,82.6,4,2006,0,0,1000.9,7,1
"60b6e1afeedc",2025-02-26 23:00:00,2025-02-26 18:00:00,5,6,24.8,82.7,5,2048,0,0,1001.6,7,1
"60b6e1afeedc",2025-02-27,2025-02-26 19:00:00,5,6,24.9,82.4,5,2250,0,0,1002.2,7,1
"60b6e1afeedc",2025-02-27 01:00:00,2025-02-26 20:00:00,5,6,24.5,83,6,2159,0,0,1002.9,7,1
"60b6e1afeedc",2025-02-27 02:00:00,2025-02-26 21:00:00,5,6,24.1,84.3,5,3325,0,0,1003.4,7,2
"60b6e1afeedc",2025-02-27 03:00:00,2025-02-26 22:00:00,5,6,24.4,83.3,5,5227,0,0,1003.6,7,2
"60b6e1afeedc",2025-02-27 04:00:00,2025-02-26 23:00:00,5,6,24.5,82.9,7,4441,0,0,1003.4,7,1
"60b6e1afeedc",2025-02-27 05:00:00,2025-02-27,5,6,24.5,82.7,6,4335,0,0,1003,7,2
"60b6e1afeedc",2025-02-27 06:00:00,2025-02-27 01:00:00,5,6,24.6,82.1,7,4459,0,0,1002.6,7,1
"60b6e1afeedc",2025-02-27 07:00:00,2025-02-27 02:00:00,5,6,24.5,82.2,6,4047,0,0,1002.3,7,4
"60b6e1afeedc",2025-02-27 08:00:00,2025-02-27 03:00:00,5,6,24.3,82.1,6,3730,0,0,1002.2,7,6
"60b6e1afeedc",2025-02-27 09:00:00,2025-02-27 04:00:00,5,6,24.3,82.3,6,3572,0,0,1002.3,7,8
"60b6e1afeedc",2025-02-27 10:00:00,2025-02-27 05:00:00,5,6,24.2,82.5,6,3413,0,0,1002.7,7,9
"60b6e1afeedc",2025-02-27 11:00:00,2025-02-27 06:00:00,5,6,24,84.7,3,1519,0,0,1003.3,7,10
"60b6e1afeedc",2025-02-27 12:00:00,2025-02-27 07:00:00,4,6,23.9,86,3,3015,0,0,1003.9,7,0
"60b6e1afeedc",2025-02-27 13:00:00,2025-02-27 08:00:00,5,6,24.3,84,3,3583,0,0,1004.4,7,0
"60b6e1afeedc",2025-02-27 14:00:00,2025-02-27 09:00:00,5,6,24.9,82.1,4,3521,0,0,1004.4,7,1
"60b6e1afeedc",2025-02-27 15:00:00,2025-02-27 10:00:00,4,6,25.3,79.4,7,3372,0,0,1004.2,7,7
"60b6e1afeedc",2025-02-27 16:00:00,2025-02-27 11:00:00,4,6,25.5,79.9,3,3046,0,0,1003.7,7,3
"60b6e1afeedc",2025-02-27 17:00:00,2025-02-27 12:00:00,4,6,26.1,76.7,2,2629,0,0,1002.9,7,4
"60b6e1afeedc",2025-02-27 18:00:00,2025-02-27 13:00:00,4,6,25.8,79.1,2,2703,0,0,1001.9,7,2
"60b6e1afeedc",2025-02-27 19:00:00,2025-02-27 14:00:00,5,7,25.5,80,2,3172,0,0,1000.9,7,1
"60b6e1afeedc",2025-02-27 20:00:00,2025-02-27 15:00:00,4,6,25.7,79.3,9,2741,0,0,1000.3,7,4
"60b6e1afeedc",2025-02-27 21:00:00,2025-02-27 16:00:00,4,6,26.6,75.8,3,3055,0,0,999.9,7,1
"60b6e1afeedc",2025-02-27 22:00:00,2025-02-27 17:00:00,4,6,26.5,74,3,4439,0,0,1000.2,6,1
"60b6e1afeedc",2025-02-27 23:00:00,2025-02-27 18:00:00,4,6,26.2,76,5,3973,0,0,1000.8,6,1
"60b6e1afeedc",2025-02-28,2025-02-27 19:00:00,4,6,25.9,76.4,5,3278,0,0,1001.4,6,1
"60b6e1afeedc",2025-02-28 01:00:00,2025-02-27 20:00:00,4,6,25.7,75.9,5,3238,0,0,1001.8,6,0
"60b6e1afeedc",2025-02-28 02:00:00,2025-02-27 21:00:00,4,6,25.3,76.7,5,3043,0,0,1002.3,6,0
"60b6e1afeedc",2025-02-28 03:00:00,2025-02-27 22:00:00,4,6,25.5,75.2,6,3088,0,0,1002.4,6,0
"60b6e1afeedc",2025-02-28 04:00:00,2025-02-27 23:00:00,4,6,25.2,75,6,1502,0,0,1002.1,8,13
"60b6e1afeedc",2025-02-28 05:00:00,2025-02-28,4,6,25,75.8,7,2880,0,0,1001.6,7,8
"60b6e1afeedc",2025-02-28 06:00:00,2025-02-28 01:00:00,4,6,25.1,76.3,6,3130,0,0,1000.8,7,6
"60b6e1afeedc",2025-02-28 07:00:00,2025-02-28 02:00:00,4,5,24.9,77.7,6,3007,0,0,1000.3,7,6
"60b6e1afeedc",2025-02-28 08:00:00,2025-02-28 03:00:00,4,5,24.9,78.8,6,3061,0,0,1000.3,7,4
"60b6e1afeedc",2025-02-28 09:00:00,2025-02-28 04:00:00,5,6,24.9,80.3,5,3070,0,0,1000.7,7,2
"60b6e1afeedc",2025-02-28 10:00:00,2025-02-28 05:00:00,5,6,24.7,80.2,7,2869,0,0,1001.1,7,5
"60b6e1afeedc",2025-02-28 11:00:00,2025-02-28 06:00:00,5,6,24.4,80.1,7,2670,0,0,1001.3,7,2
"60b6e1afeedc",2025-02-28 12:00:00,2025-02-28 07:00:00,5,6,24.1,81.8,8,2647,0,0,1001.9,7,2
"60b6e1afeedc",2025-02-28 13:00:00,2025-02-28 08:00:00,5,6,24.2,82.2,7,1942,0,0,1002.3,7,11
"60b6e1afeedc",2025-02-28 14:00:00,2025-02-28 09:00:00,5,6,24.7,81.1,7,2234,0,0,1002.5,7,9
"60b6e1afeedc",2025-02-28 15:00:00,2025-02-28 10:00:00,4,5,24.8,79.9,9,1987,0,0,1002.6,8,17
"60b6e1afeedc",2025-02-28 16:00:00,2025-02-28 11:00:00,5,6,24.9,80.3,8,917,0,0,1002.3,7,10
"60b6e1afeedc",2025-02-28 17:00:00,2025-02-28 12:00:00,4,6,25.2,79.5,5,1930,0,0,1001.8,8,17
"60b6e1afeedc",2025-02-28 18:00:00,2025-02-28 13:00:00,4,6,26.3,75.6,6,3100,0,0,1001,7,3
"60b6e1afeedc",2025-02-28 19:00:00,2025-02-28 14:00:00,4,6,26.6,74.1,4,2897,0,0,1000.5,7,3
"60b6e1afeedc",2025-02-28 20:00:00,2025-02-28 15:00:00,4,6,26.5,76.1,4,2268,0,0,1000,7,4
"60b6e1afeedc",2025-02-28 21:00:00,2025-02-28 16:00:00,4,6,26.5,75.7,4,11,0,0,999.8,7,6
"60b6e1afeedc",2025-02-28 22:00:00,2025-02-28 17:00:00,4,6,26.2,78.1,6,610,0,0,1000.2,8,11
"60b6e1afeedc",2025-02-28 23:00:00,2025-02-28 18:00:00,4,6,25.9,79.3,7,1935,0,0,1001,6,1
"60b6e1afeedc",2025-03-01,2025-02-28 19:00:00,4,6,26.3,77.8,8,3007,0,0,1001.8,6,0
"60b6e1afeedc",2025-03-01 01:00:00,2025-02-28 20:00:00,4,6,26.4,76.5,9,3060,0,0,1002.3,6,1
"60b6e1afeedc",2025-03-01 02:00:00,2025-02-28 21:00:00,4,6,26.1,77.9,9,3070,0,0,1002.7,6,1
"60b6e1afeedc",2025-03-01 03:00:00,2025-02-28 22:00:00,4,6,25.7,79.5,8,2501,0,0,1002.8,7,1
"60b6e1afeedc",2025-03-01 04:00:00,2025-02-28 23:00:00,4,6,25.3,78.9,7,2267,0,0,1002.4,7,2
"60b6e1afeedc",2025-03-01 05:00:00,2025-03-01,4,6,25,79,7,2305,0,0,1002.1,7,3
"60b6e1afeedc",2025-03-01 06:00:00,2025-03-01 01:00:00,5,6,24.6,81,7,1957,0,0,1001.7,7,7
"60b6e1afeedc",2025-03-01 07:00:00,2025-03-01 02:00:00,4,6,23.6,85.5,7,1447,0,0,1001.2,8,17
"60b6e1afeedc",2025-03-01 08:00:00,2025-03-01 03:00:00,4,6,23.4,86.6,7,1372,0,0,1000.9,8,18
"60b6e1afeedc",2025-03-01 09:00:00,2025-03-01 04:00:00,4,6,23.1,88.3,8,1369,0,0,1000.9,8,14
"60b6e1afeedc",2025-03-01 10:00:00,2025-03-01 05:00:00,4,6,23,88.7,8,1467,0,0,1001.2,8,12
"60b6e1afeedc",2025-03-01 11:00:00,2025-03-01 06:00:00,4,6,22.4,90.5,9,1457,0,0,1001.8,7,10
"60b6e1afeedc",2025-03-01 12:00:00,2025-03-01 07:00:00,4,6,22.5,89.9,9,1691,0,0,1002.6,7,6
"60b6e1afeedc",2025-03-01 13:00:00,2025-03-01 08:00:00,4,6,23.1,87.7,10,2019,0,0,1003,7,2
"60b6e1afeedc",2025-03-01 14:00:00,2025-03-01 09:00:00,4,6,23.4,86.5,12,1879,0,0,1002.8,7,8
"60b6e1afeedc",2025-03-01 15:00:00,2025-03-01 10:00:00,6,6,24.2,82.7,11,1100,0,0,1002.5,11,62
"60b6e1afeedc",2025-03-01 16:00:00,2025-03-01 11:00:00,6,6,24.5,82.8,10,1514,0,0,1002.2,11,77
"60b6e1afeedc",2025-03-01 17:00:00,2025-03-01 12:00:00,6,6,24.6,82.7,8,1333,0,0,1001.6,11,66
"60b6e1afeedc",2025-03-01 18:00:00,2025-03-01 13:00:00,5,6,25.5,78.3,7,1301,0,0,1000.9,10,58
"60b6e1afeedc",2025-03-01 19:00:00,2025-03-01 14:00:00,5,6,25.6,78,7,1143,0,0,1000.4,11,68
"60b6e1afeedc",2025-03-01 20:00:00,2025-03-01 15:00:00,5,6,26,76.7,6,1166,0,0,999.8,10,57
"60b6e1afeedc",2025-03-01 21:00:00,2025-03-01 16:00:00,4,6,26.9,73.2,9,2157,0,0,999.4,8,12
"60b6e1afeedc",2025-03-01 22:00:00,2025-03-01 17:00:00,4,6,26.3,74,6,2414,0,0,999.7,7,3
"60b6e1afeedc",2025-03-01 23:00:00,2025-03-01 18:00:00,4,6,25.9,78.2,6,2812,0,0,1000.5,7,2
"60b6e1af59e1",2025-02-22 22:00:00,2025-02-22 17:00:00,7,8,26.1,73.9,44,810,598,0.1,1002,7,10
"60b6e1af59e1",2025-02-23 02:00:00,2025-02-22 21:00:00,4,6,25.4,72.6,7,955,478,0,1004.7,8,19
"60b6e1af59e1",2025-02-23 03:00:00,2025-02-22 22:00:00,4,6,25.5,72.6,9,767,477,0,1004.7,8,19
"60b6e1af59e1",2025-02-23 04:00:00,2025-02-22 23:00:00,4,6,25.3,74.7,8,717,485,0,1004.3,8,17
"60b6e1af59e1",2025-02-23 05:00:00,2025-02-23,4,6,25.2,75.7,8,605,475,0,1003.7,8,16
"60b6e1af59e1",2025-02-23 06:00:00,2025-02-23 01:00:00,4,6,25.1,76.4,7,517,476,0,1002.9,8,17
"60b6e1af59e1",2025-02-23 07:00:00,2025-02-23 02:00:00,4,6,25.1,76.5,9,470,471,0,1002.3,8,18
"60b6e1af59e1",2025-02-23 08:00:00,2025-02-23 03:00:00,4,5,24.9,77.1,7,390,467,0,1002.2,8,16
"60b6e1af59e1",2025-02-23 09:00:00,2025-02-23 04:00:00,4,5,24.8,77.6,7,335,468,0,1002.4,8,15
"60b6e1af59e1",2025-02-23 10:00:00,2025-02-23 05:00:00,4,6,25,77.8,8,293,462,0,1002.8,8,17
"60b6e1af59e1",2025-02-23 11:00:00,2025-02-23 06:00:00,5,6,24.9,80.3,9,291,480,0,1003.3,8,15
"60b6e1af59e1",2025-02-23 12:00:00,2025-02-23 07:00:00,5,6,24.8,82.8,9,296,474,0,1003.7,8,15
"60b6e1af59e1",2025-02-23 13:00:00,2025-02-23 08:00:00,5,6,24.6,84.4,9,272,476,0,1004,8,14
"60b6e1af59e1",2025-02-23 14:00:00,2025-02-23 09:00:00,5,6,24,84.6,8,177,461,0,1003.8,8,15
"60b6e1af59e1",2025-02-23 15:00:00,2025-02-23 10:00:00,5,6,24.6,84.2,11,201,474,0,1003.3,6,1
"60b6e1af59e1",2025-02-23 16:00:00,2025-02-23 11:00:00,5,6,24.5,81.6,9,140,455,0,1002.8,6,0
"60b6e1af59e1",2025-02-23 17:00:00,2025-02-23 12:00:00,4,5,24.7,77.9,8,116,457,0,1002.2,6,0
"60b6e1af59e1",2025-02-23 18:00:00,2025-02-23 13:00:00,4,6,25.2,74.6,8,186,448,0,1001.6,6,1
"60b6e1af59e1",2025-02-23 19:00:00,2025-02-23 14:00:00,4,6,25.6,72.6,8,82,447,0,1001,6,1
"60b6e1af59e1",2025-02-23 20:00:00,2025-02-23 15:00:00,4,6,25.9,72.5,8,94,503,0,1000.6,6,0
"60b6e1af59e1",2025-02-23 21:00:00,2025-02-23 16:00:00,4,6,26.6,70.2,9,95,483,0,1000.5,6,1
"60b6e1af59e1",2025-02-23 22:00:00,2025-02-23 17:00:00,4,6,26,73.2,10,106,510,0,1001,6,1
"60b6e1af59e1",2025-02-23 23:00:00,2025-02-23 18:00:00,4,6,25.7,74.9,8,89,521,0,1002,6,1
"60b6e1af59e1",2025-02-24,2025-02-23 19:00:00,4,6,25,77.3,9,71,463,0,1002.7,6,0
"60b6e1af59e1",2025-02-24 01:00:00,2025-02-23 20:00:00,4,5,24.8,78.3,8,81,458,0,1003.4,6,0
"60b6e1af59e1",2025-02-24 02:00:00,2025-02-23 21:00:00,4,5,24.9,77.1,9,154,465,0,1003.9,6,1
"60b6e1af59e1",2025-02-24 03:00:00,2025-02-23 22:00:00,4,5,24.7,76.8,9,64,460,0,1003.9,7,3
"60b6e1af59e1",2025-02-24 04:00:00,2025-02-23 23:00:00,4,5,24.9,76.6,9,42,469,0,1003.6,7,3
"60b6e1af59e1",2025-02-24 05:00:00,2025-02-24,4,6,25.1,76.1,8,67,471,0,1003.3,7,1
"60b6e1af59e1",2025-02-24 06:00:00,2025-02-24 01:00:00,4,6,25.2,75.7,9,70,465,0,1002.9,6,1
"60b6e1af59e1",2025-02-24 07:00:00,2025-02-24 02:00:00,4,6,25.2,75.4,8,66,462,0,1002.6,6,0
"60b6e1af59e1",2025-02-24 08:00:00,2025-02-24 03:00:00,4,6,25.1,75.8,9,54,466,0,1002.3,6,0
"60b6e1af59e1",2025-02-24 09:00:00,2025-02-24 04:00:00,4,5,24.9,78.7,8,43,468,0,1002.3,6,0
"60b6e1af59e1",2025-02-24 10:00:00,2025-02-24 05:00:00,5,6,24.7,81.3,10,19,458,0,1002.5,6,1
"60b6e1af59e1",2025-02-24 11:00:00,2025-02-24 06:00:00,5,6,24.4,82.2,10,16,451,0,1002.6,7,1
"60b6e1af59e1",2025-02-24 12:00:00,2025-02-24 07:00:00,5,6,24.9,81.7,10,45,476,0,1002.7,7,0
"60b6e1af59e1",2025-02-24 13:00:00,2025-02-24 08:00:00,5,7,25,81.3,12,30,463,0,1003.1,7,1
"60b6e1af59e1",2025-02-24 14:00:00,2025-02-24 09:00:00,4,6,25.4,78.4,11,22,467,0,1003.1,7,3
"60b6e1af59e1",2025-02-24 15:00:00,2025-02-24 10:00:00,4,6,26.4,73.2,11,6,454,0,1002.7,8,17
"60b6e1af59e1",2025-02-24 16:00:00,2025-02-24 11:00:00,4,6,26.4,73.2,10,6,448,0,1002.1,8,24
"60b6e1af59e1",2025-02-24 17:00:00,2025-02-24 12:00:00,4,6,26.3,76,9,7,446,0,1001.4,8,18
"60b6e1af59e1",2025-02-24 18:00:00,2025-02-24 13:00:00,4,6,26.8,74.3,8,12,448,0,1000.8,7,11
"60b6e1af59e1",2025-02-24 19:00:00,2025-02-24 14:00:00,4,6,27.2,74,10,16,453,0,1000.2,7,7
"60b6e1af59e1",2025-02-24 20:00:00,2025-02-24 15:00:00,4,6,27.8,71.5,9,18,452,0,999.4,7,4
"60b6e1af59e1",2025-02-24 21:00:00,2025-02-24 16:00:00,4,6,27.8,71.5,9,17,461,0,999.4,7,4
"60b6e1af59e1",2025-02-24 22:00:00,2025-02-24 17:00:00,4,6,26.7,74.4,8,14,465,0,999.7,7,3
"60b6e1af59e1",2025-02-24 23:00:00,2025-02-24 18:00:00,4,6,26.4,73.8,8,21,468,0,1000.6,7,1
"60b6e1af59e1",2025-02-25,2025-02-24 19:00:00,4,6,26.9,73.8,11,46,519,0,1001.3,6,1
"60b6e1af59e1",2025-02-25 01:00:00,2025-02-24 20:00:00,4,6,26.5,74.4,9,47,556,0,1001.9,6,0
"60b6e1af59e1",2025-02-25 02:00:00,2025-02-24 21:00:00,4,6,26.7,73.3,10,29,474,0,1002.5,6,1
"60b6e1af59e1",2025-02-25 03:00:00,2025-02-24 22:00:00,4,6,25.4,79.8,10,3,449,0,1002.8,7,3
"60b6e1af59e1",2025-02-25 04:00:00,2025-02-24 23:00:00,4,6,25,79.6,8,10,452,0,1002.8,7,3
"60b6e1af59e1",2025-02-25 05:00:00,2025-02-25,4,6,25,78.9,7,4,443,0,1002.7,7,4
"60b6e1af59e1",2025-02-25 06:00:00,2025-02-25 01:00:00,4,5,24.9,79,7,5,445,0,1002.4,7,3
"60b6e1af59e1",2025-02-25 07:00:00,2025-02-25 02:00:00,4,5,24.8,79,8,5,444,0,1001.7,7,5
"60b6e1af59e1",2025-02-25 08:00:00,2025-02-25 03:00:00,4,5,24.9,78.6,9,10,447,0,1001.1,7,1
"60b6e1af59e1",2025-02-25 09:00:00,2025-02-25 04:00:00,4,5,24.7,79.3,9,12,443,0,1001.2,7,1
"60b6e1af59e1",2025-02-25 10:00:00,2025-02-25 05:00:00,5,6,24.7,80.6,10,13,443,0,1001.8,7,1
"60b6e1af59e1",2025-02-25 11:00:00,2025-02-25 06:00:00,5,6,24.7,81.1,10,27,452,0,1002.3,7,0
"60b6e1af59e1",2025-02-25 12:00:00,2025-02-25 07:00:00,5,7,25,80,14,79,471,0,1002.9,7,2
"60b6e1af59e1",2025-02-25 13:00:00,2025-02-25 08:00:00,4,6,25.2,79.8,14,73,468,0,1003.3,6,1
"60b6e1af59e1",2025-02-25 14:00:00,2025-02-25 09:00:00,4,6,25.9,76.9,13,18,452,0,1003.1,7,3
"60b6e1af59e1",2025-02-25 15:00:00,2025-02-25 10:00:00,4,6,26.6,74.7,12,14,449,0,1002.6,7,2
"60b6e1af59e1",2025-02-25 16:00:00,2025-02-25 11:00:00,5,6,24.8,81.6,11,4,445,0,1002.6,7,8
"60b6e1af59e1",2025-02-25 17:00:00,2025-02-25 12:00:00,4,6,25.3,79.4,9,15,445,0,1001.9,7,11
"60b6e1af59e1",2025-02-25 18:00:00,2025-02-25 13:00:00,4,6,25.7,77.7,9,8,449,0,1001,8,15
"60b6e1af59e1",2025-02-25 19:00:00,2025-02-25 14:00:00,4,6,25.9,77.2,7,17,447,0,1000.3,7,9
"60b6e1af59e1",2025-02-25 20:00:00,2025-02-25 15:00:00,4,6,26,76.9,8,151,482,0,999.9,6,0
"60b6e1af59e1",2025-02-25 21:00:00,2025-02-25 16:00:00,4,6,25.8,76.2,7,18,456,0,999.6,7,0
"60b6e1af59e1",2025-02-25 22:00:00,2025-02-25 17:00:00,4,6,25.2,79.1,7,13,454,0,1000.2,7,1
"60b6e1af59e1",2025-02-25 23:00:00,2025-02-25 18:00:00,4,6,25,79.5,8,24,463,0,1001.1,6,1
"60b6e1af59e1",2025-02-26,2025-02-25 19:00:00,4,6,25.1,79,8,33,466,0,1001.6,6,1
"60b6e1af59e1",2025-02-26 01:00:00,2025-02-25 20:00:00,4,6,25.1,78.2,14,51,493,0,1002.2,6,1
"60b6e1af59e1",2025-02-26 02:00:00,2025-02-25 21:00:00,4,6,25,78.4,9,35,732,0,1002.6,6,1
"60b6e1af59e1",2025-02-26 03:00:00,2025-02-25 22:00:00,5,7,25,79,8,56,849,0,1002.8,6,1
"60b6e1af59e1",2025-02-26 04:00:00,2025-02-25 23:00:00,5,7,25.1,79.2,8,18,819,0,1002.5,6,1
"60b6e1af59e1",2025-02-26 05:00:00,2025-02-26,5,7,25,79.4,8,12,802,0,1002,6,0
"60b6e1af59e1",2025-02-26 06:00:00,2025-02-26 01:00:00,5,6,24.6,80.5,7,4,790,0,1001.5,6,1
"60b6e1af59e1",2025-02-26 07:00:00,2025-02-26 02:00:00,5,6,24.5,80.5,8,10,795,0,1001.1,6,0
"60b6e1af59e1",2025-02-26 08:00:00,2025-02-26 03:00:00,5,6,24.4,81,7,7,795,0,1000.9,6,0
"60b6e1af59e1",2025-02-26 09:00:00,2025-02-26 04:00:00,5,6,24.2,81.6,8,4,796,0,1001,6,1
"60b6e1af59e1",2025-02-26 10:00:00,2025-02-26 05:00:00,6,7,24.2,81.7,8,10,807,0,1001.4,6,1
"60b6e1af59e1",2025-02-26 11:00:00,2025-02-26 06:00:00,5,6,24.7,79.6,9,32,813,0,1001.9,6,1
"60b6e1af59e1",2025-02-26 12:00:00,2025-02-26 07:00:00,6,7,24.7,80.4,13,64,823,0,1002.6,6,1
"60b6e1af59e1",2025-02-26 13:00:00,2025-02-26 08:00:00,6,7,24.5,81.3,11,26,813,0,1003.1,6,1
"60b6e1af59e1",2025-02-26 17:00:00,2025-02-26 12:00:00,4,6,23.8,85.2,8,235,792,0,1002.4,7,8
"60b6e1af59e1",2025-02-26 18:00:00,2025-02-26 13:00:00,5,6,24.9,81.4,8,61,797,0,1001.6,7,1
"60b6e1af59e1",2025-02-26 19:00:00,2025-02-26 14:00:00,6,8,25.2,81.2,8,155,887,0,1001.1,5,0
"60b6e1af59e1",2025-02-26 20:00:00,2025-02-26 15:00:00,6,8,25.2,80.1,6,26,813,0,1000.8,6,0
"60b6e1af59e1",2025-02-26 21:00:00,2025-02-26 16:00:00,6,8,25.2,81.2,6,20,814,0,1000.7,6,1
"60b6e1af59e1",2025-02-26 22:00:00,2025-02-26 17:00:00,6,7,24.9,82.3,6,10,804,0,1001,6,0
"60b6e1af59e1",2025-02-26 23:00:00,2025-02-26 18:00:00,6,7,24.9,82.3,7,15,808,0,1001.7,6,0
"60b6e1af59e1",2025-02-27,2025-02-26 19:00:00,6,7,24.8,82.6,7,27,844,0,1002.3,6,1
"60b6e1af59e1",2025-02-27 01:00:00,2025-02-26 20:00:00,6,7,24.4,83.2,7,21,827,0,1003,6,1
"60b6e1af59e1",2025-02-27 02:00:00,2025-02-26 21:00:00,6,7,24,84.6,6,13,800,0,1003.5,6,1
"60b6e1af59e1",2025-02-27 03:00:00,2025-02-26 22:00:00,6,7,24,84.7,7,41,818,0,1003.7,6,0
"60b6e1af59e1",2025-02-27 04:00:00,2025-02-26 23:00:00,6,7,24.1,84.5,8,16,806,0,1003.5,6,0
"60b6e1af59e1",2025-02-27 05:00:00,2025-02-27,5,6,24,84.6,9,12,800,0,1003.1,6,0
"60b6e1af59e1",2025-02-27 06:00:00,2025-02-27 01:00:00,5,6,24,84.4,8,14,799,0,1002.7,6,1
"60b6e1af59e1",2025-02-27 07:00:00,2025-02-27 02:00:00,4,6,23.9,84.4,8,4,791,0,1002.4,6,1
"60b6e1af59e1",2025-02-27 08:00:00,2025-02-27 03:00:00,4,6,23.8,83.9,7,4,788,0,1002.3,6,0
"60b6e1af59e1",2025-02-27 09:00:00,2025-02-27 04:00:00,4,6,23.9,83.7,8,1,791,0,1002.4,6,0
"60b6e1af59e1",2025-02-27 10:00:00,2025-02-27 05:00:00,4,6,23.8,84.1,7,3,789,0,1002.7,7,0
"60b6e1af59e1",2025-02-27 11:00:00,2025-02-27 06:00:00,6,7,24,84.3,7,21,808,0,1003.4,6,1
"60b6e1af59e1",2025-02-27 12:00:00,2025-02-27 07:00:00,6,7,24.1,85.1,7,26,810,0,1004,6,0
"60b6e1af59e1",2025-02-27 13:00:00,2025-02-27 08:00:00,6,7,24.4,83.5,7,39,818,0,1004.5,6,0
"60b6e1af59e1",2025-02-27 14:00:00,2025-02-27 09:00:00,5,6,24.9,82.2,8,32,794,0,1004.5,6,1
"60b6e1af59e1",2025-02-27 15:00:00,2025-02-27 10:00:00,5,7,25.4,79,11,33,801,0,1004.2,7,3
"60b6e1af59e1",2025-02-27 16:00:00,2025-02-27 11:00:00,5,7,25.5,80,8,20,788,0,1003.8,7,1
"60b6e1af59e1",2025-02-27 17:00:00,2025-02-27 12:00:00,4,6,26.1,76.5,6,5,788,0,1003,7,2
"60b6e1af59e1",2025-02-27 18:00:00,2025-02-27 13:00:00,4,6,25.7,79.2,6,14,797,0,1001.9,6,1
"60b6e1af59e1",2025-02-27 19:00:00,2025-02-27 14:00:00,4,6,25.6,79.5,7,29,792,0,1000.9,6,1
"60b6e1af59e1",2025-02-27 20:00:00,2025-02-27 15:00:00,5,7,25.5,79.8,13,18,806,0,1000.4,7,1
"60b6e1af59e1",2025-02-27 21:00:00,2025-02-27 16:00:00,5,7,26.3,76.9,7,32,813,0,1000,6,0
"60b6e1af59e1",2025-02-27 22:00:00,2025-02-27 17:00:00,5,7,26.1,75.3,6,73,822,0,1000.3,6,1
"60b6e1af59e1",2025-02-27 23:00:00,2025-02-27 18:00:00,5,7,25.9,76.7,7,68,824,0,1000.8,6,0
"60b6e1af59e1",2025-02-28,2025-02-27 19:00:00,5,7,25.8,76.9,7,49,800,0,1001.4,6,1
"60b6e1af59e1",2025-02-28 01:00:00,2025-02-27 20:00:00,5,7,25.5,76.3,8,50,804,0,1001.9,6,1
"60b6e1af59e1",2025-02-28 02:00:00,2025-02-27 21:00:00,5,7,25.2,76.9,7,34,806,0,1002.4,6,1
"60b6e1af59e1",2025-02-28 03:00:00,2025-02-27 22:00:00,5,7,25.5,75.3,8,39,810,0,1002.4,6,1
"60b6e1af59e1",2025-02-28 04:00:00,2025-02-27 23:00:00,5,7,25.3,74.4,7,23,809,0,1002.1,6,1
"60b6e1af59e1",2025-02-28 05:00:00,2025-02-28,5,7,25.4,74.5,7,30,826,0,1001.7,6,0
"60b6e1af59e1",2025-02-28 06:00:00,2025-02-28 01:00:00,4,6,25.4,74.8,7,15,794,0,1000.8,6,0
"60b6e1af59e1",2025-02-28 07:00:00,2025-02-28 02:00:00,4,6,25.3,76.3,7,7,789,0,1000.4,6,0
"60b6e1af59e1",2025-02-28 08:00:00,2025-02-28 03:00:00,4,6,25.3,77.4,6,7,786,0,1000.3,6,1
"60b6e1af59e1",2025-02-28 09:00:00,2025-02-28 04:00:00,4,6,25.2,78.8,6,6,785,0,1000.7,6,1
"60b6e1af59e1",2025-02-28 10:00:00,2025-02-28 05:00:00,4,6,25,78.6,7,5,792,0,1001.1,6,0
"60b6e1af59e1",2025-02-28 11:00:00,2025-02-28 06:00:00,4,5,24.6,79.1,6,22,796,0,1001.4,6,1
"60b6e1af59e1",2025-02-28 12:00:00,2025-02-28 07:00:00,6,7,24.4,80.2,8,23,803,0,1001.9,6,1
"60b6e1af59e1",2025-02-28 13:00:00,2025-02-28 08:00:00,5,6,24.6,80.5,8,10,789,0,1002.3,7,1
"60b6e1af59e1",2025-02-28 14:00:00,2025-02-28 09:00:00,6,7,24.8,80.2,7,25,819,0,1002.4,7,1
"60b6e1af59e1",2025-02-28 16:00:00,2025-02-28 11:00:00,5,6,24.9,80.5,9,342,789,0,1002.3,7,9
"60b6e1af59e1",2025-02-28 17:00:00,2025-02-28 12:00:00,4,6,25.7,77.3,7,48,789,0,1001.8,6,0
"60b6e1af59e1",2025-02-28 18:00:00,2025-02-28 13:00:00,5,7,26.5,74.6,9,57,821,0,1001,5,0
"60b6e1af59e1",2025-02-28 19:00:00,2025-02-28 14:00:00,5,7,26.7,73.4,8,42,821,0,1000.5,6,0
"60b6e1af59e1",2025-02-28 20:00:00,2025-02-28 15:00:00,5,7,26.6,75.5,7,26,812,0,1000.1,6,0
"60b6e1af59e1",2025-02-28 21:00:00,2025-02-28 16:00:00,4,6,26.6,75.2,7,27,798,0,999.8,6,0
"60b6e1af59e1",2025-02-28 22:00:00,2025-02-28 17:00:00,5,7,26.3,77.5,7,22,813,0,1000.3,6,0
"60b6e1af59e1",2025-02-28 23:00:00,2025-02-28 18:00:00,5,7,26,78.7,7,21,804,0,1001,6,1
"60b6e1af59e1",2025-03-01,2025-02-28 19:00:00,4,6,26.4,77.4,7,41,793,0,1001.8,6,1
"60b6e1af59e1",2025-03-01 01:00:00,2025-02-28 20:00:00,4,6,26.4,76.2,8,48,796,0,1002.3,6,1
"60b6e1af59e1",2025-03-01 02:00:00,2025-02-28 21:00:00,5,7,26.2,77.3,8,47,816,0,1002.7,6,1
"60b6e1af59e1",2025-03-01 03:00:00,2025-02-28 22:00:00,5,7,25.9,78.3,7,18,803,0,1002.8,6,0
"60b6e1af59e1",2025-03-01 04:00:00,2025-02-28 23:00:00,4,6,25.4,78.4,7,12,788,0,1002.4,6,0
"60b6e1af59e1",2025-03-01 05:00:00,2025-03-01,4,6,25.3,77.6,6,14,788,0,1002.1,6,1
"60b6e1af59e1",2025-03-01 06:00:00,2025-03-01 01:00:00,4,5,24.9,79.3,6,6,785,0,1001.7,7,1
"60b6e1af59e1",2025-03-01 07:00:00,2025-03-01 02:00:00,5,6,24.3,82,6,3,784,0,1001.2,7,2
"60b6e1af59e1",2025-03-01 08:00:00,2025-03-01 03:00:00,4,6,23.9,83.9,7,2,777,0,1000.9,7,3
"60b6e1af59e1",2025-03-01 09:00:00,2025-03-01 04:00:00,4,6,23.6,85.8,7,7,779,0,1000.9,7,2
"60b6e1af59e1",2025-03-01 10:00:00,2025-03-01 05:00:00,4,6,23.4,86.5,8,8,779,0,1001.2,7,1
"60b6e1af59e1",2025-03-01 11:00:00,2025-03-01 06:00:00,4,6,23.1,87.2,8,8,780,0,1001.8,7,1
"60b6e1af59e1",2025-03-01 12:00:00,2025-03-01 07:00:00,4,6,23,87.4,8,19,784,0,1002.6,7,1
"60b6e1af59e1",2025-03-01 13:00:00,2025-03-01 08:00:00,4,6,23.3,86.4,10,40,788,0,1003,6,1
"60b6e1af59e1",2025-03-01 14:00:00,2025-03-01 09:00:00,4,6,23.9,84.2,11,55,789,0,1002.8,7,4
"60b6e1af59e1",2025-03-01 15:00:00,2025-03-01 10:00:00,4,5,24.9,79.8,9,47,782,0,1002.5,8,12
"60b6e1af59e1",2025-03-01 16:00:00,2025-03-01 11:00:00,4,6,25.2,79.8,7,28,780,0,1002.2,8,11
"60b6e1af59e1",2025-03-01 17:00:00,2025-03-01 12:00:00,4,6,25.2,79.9,7,15,779,0,1001.6,7,9
"60b6e1af59e1",2025-03-01 18:00:00,2025-03-01 13:00:00,4,6,26,76.1,7,16,779,0,1000.9,7,5
"60b6e1af59e1",2025-03-01 19:00:00,2025-03-01 14:00:00,4,6,26.3,75.1,6,15,779,0,1000.4,7,7
"60b6e1af59e1",2025-03-01 20:00:00,2025-03-01 15:00:00,4,6,26.7,73.8,6,18,783,0,999.8,7,6
"60b6e1af59e1",2025-03-01 21:00:00,2025-03-01 16:00:00,4,6,27,72.7,6,76,799,0,999.5,6,0
"60b6e1af59e1",2025-03-01 22:00:00,2025-03-01 17:00:00,5,7,26.2,74.2,7,92,840,0,999.7,6,0
"60b6e1af59e1",2025-03-01 23:00:00,2025-03-01 18:00:00,5,7,26.1,77.3,7,208,814,0,1000.4,6,1
"60b6e1af6f4f",2025-02-04 17:00:00,2025-02-04 12:00:00,4,6,25.8,74.3,4,124,685,0,1000.2,8,19
"60b6e1af6f4f",2025-02-04 18:00:00,2025-02-04 13:00:00,4,6,25.9,72.6,8,2,676,0,999.8,8,16
"60b6e1af6f4f",2025-02-04 19:00:00,2025-02-04 14:00:00,4,6,25.5,74,9,3,670,0.1,999.4,8,17
"60b6e1af6f4f",2025-02-04 20:00:00,2025-02-04 15:00:00,4,6,25.3,76.3,7,710,690,0.1,999.3,8,18
"60b6e1af6f4f",2025-02-04 21:00:00,2025-02-04 16:00:00,4,6,25.4,76.7,5,1165,686,0,999.3,8,17
"60b6e1af6f4f",2025-02-04 22:00:00,2025-02-04 17:00:00,4,6,25.4,76.2,7,738,689,0.1,999.5,8,16
"60b6e1af6f4f",2025-02-04 23:00:00,2025-02-04 18:00:00,4,6,25.4,75.5,9,775,697,0.2,999.9,8,15
"60b6e1af6f4f",2025-02-05,2025-02-04 19:00:00,4,6,25.4,74.3,9,547,686,0.2,1000.6,8,16
"60b6e1af6f4f",2025-02-05 01:00:00,2025-02-04 20:00:00,4,6,25.1,76,9,577,687,0.1,1001.3,8,15
"60b6e1af6f4f",2025-02-05 02:00:00,2025-02-04 21:00:00,4,6,25.3,74.7,7,802,696,0.1,1001.5,8,12
"60b6e1af6f4f",2025-02-05 03:00:00,2025-02-04 22:00:00,4,6,25.1,77.2,7,258,688,0,1001.4,8,14
"60b6e1af6f4f",2025-02-05 04:00:00,2025-02-04 23:00:00,4,6,25,78.6,7,149,692,0,1001.4,7,8
"60b6e1af6f4f",2025-02-05 05:00:00,2025-02-05,4,6,25,78.9,6,117,674,0,1001,7,4
"60b6e1af6f4f",2025-02-05 06:00:00,2025-02-05 01:00:00,5,6,24.8,80.2,7,53,665,0,1000.5,7,6
"60b6e1af6f4f",2025-02-05 07:00:00,2025-02-05 02:00:00,5,6,24.6,80.2,6,37,666,0,999.8,7,6
"60b6e1af6f4f",2025-02-05 08:00:00,2025-02-05 03:00:00,5,6,24.5,80.7,4,26,665,0,999.7,7,6
"60b6e1af6f4f",2025-02-05 09:00:00,2025-02-05 04:00:00,5,6,24,82.2,6,3,657,0,999.9,7,9
"60b6e1af6f4f",2025-02-05 10:00:00,2025-02-05 05:00:00,4,6,23.6,83.7,4,4,658,0,1000.2,7,11
"60b6e1af6f4f",2025-02-05 11:00:00,2025-02-05 06:00:00,4,6,23.8,83.5,4,16,678,0,1000.7,8,12
"60b6e1af6f4f",2025-02-05 12:00:00,2025-02-05 07:00:00,4,6,23,87,6,18,681,0,1001,6,5
"60b6e1af6f4f",2025-02-05 13:00:00,2025-02-05 08:00:00,4,6,23.1,87,5,8,664,0,1001.5,7,10
"60b6e1af6f4f",2025-02-05 14:00:00,2025-02-05 09:00:00,4,6,23.4,85.5,4,11,661,0,1001.6,7,13
"60b6e1af6f4f",2025-02-05 15:00:00,2025-02-05 10:00:00,4,6,23.7,84.5,7,22,670,0,1001.2,7,11
"60b6e1af6f4f",2025-02-05 16:00:00,2025-02-05 11:00:00,5,6,24.1,82.3,7,55,702,0,1000.8,7,10
"60b6e1af6f4f",2025-02-05 17:00:00,2025-02-05 12:00:00,4,5,24.7,79.8,8,49,694,0,1000,5,2
"60b6e1af6f4f",2025-02-05 18:00:00,2025-02-05 13:00:00,4,5,24.9,79.9,7,22,676,0,999,6,6
"60b6e1af6f4f",2025-02-05 19:00:00,2025-02-05 14:00:00,4,6,25,79.1,6,12,660,0,998.2,7,8
"60b6e1af6f4f",2025-02-05 20:00:00,2025-02-05 15:00:00,4,6,25.1,78.8,6,26,680,0,997.6,5,1
"60b6e1af6f4f",2025-02-05 21:00:00,2025-02-05 16:00:00,4,6,25.6,77.2,7,27,681,0,997.6,6,2
"60b6e1af6f4f",2025-02-05 22:00:00,2025-02-05 17:00:00,4,6,25.4,77.8,7,34,676,0,997.8,7,10
"60b6e1af6f4f",2025-02-05 23:00:00,2025-02-05 18:00:00,4,6,25,78.7,7,48,683,0,998.4,7,9
"60b6e1af6f4f",2025-02-06,2025-02-05 19:00:00,4,6,25.1,78.2,9,54,685,0,999.2,6,7
"60b6e1af6f4f",2025-02-06 01:00:00,2025-02-05 20:00:00,4,5,24.9,78,8,53,688,0,1000.1,7,13
"60b6e1af6f4f",2025-02-06 02:00:00,2025-02-05 21:00:00,4,5,24.6,78.3,8,179,689,0,1000.7,7,13
"60b6e1af6f4f",2025-02-06 03:00:00,2025-02-05 22:00:00,4,5,24.8,79.6,9,80,701,0.1,1001,6,0
"60b6e1af6f4f",2025-02-06 04:00:00,2025-02-05 23:00:00,4,6,23,85.9,9,13,680,0,1000.8,8,28
"60b6e1af6f4f",2025-02-06 05:00:00,2025-02-06,4,6,23.7,83.7,8,18,677,0,1000.5,7,14
"60b6e1af6f4f",2025-02-06 06:00:00,2025-02-06 01:00:00,5,6,24.6,80.3,7,22,675,0,999.9,6,0
"60b6e1af6f4f",2025-02-06 07:00:00,2025-02-06 02:00:00,4,5,24.7,79.8,8,44,679,0,999.1,5,1
"60b6e1af6f4f",2025-02-06 08:00:00,2025-02-06 03:00:00,4,5,24.7,79.7,6,49,676,0,998.7,5,1
"60b6e1af6f4f",2025-02-06 09:00:00,2025-02-06 04:00:00,4,5,24.7,79.8,7,74,674,0,998.7,5,1
"60b6e1af6f4f",2025-02-06 10:00:00,2025-02-06 05:00:00,5,6,24.7,80.1,9,141,695,0,998.9,5,0
"60b6e1af6f4f",2025-02-06 11:00:00,2025-02-06 06:00:00,4,6,23.5,85.3,10,46,683,0,999.5,6,5
"60b6e1af6f4f",2025-02-06 12:00:00,2025-02-06 07:00:00,4,6,23.2,87.4,13,101,695,0.1,1000.2,6,5
"60b6e1af6f4f",2025-02-06 13:00:00,2025-02-06 08:00:00,5,6,24.4,81.1,12,217,709,0.3,1000.3,6,2
"60b6e1af6f4f",2025-02-06 14:00:00,2025-02-06 09:00:00,5,7,25.5,77.1,20,247,718,0.2,1000.3,8,28
"60b6e1af6f4f",2025-02-06 15:00:00,2025-02-06 10:00:00,4,6,25.5,77.2,12,31,667,0,1000.2,9,43
"60b6e1af6f4f",2025-02-06 16:00:00,2025-02-06 11:00:00,4,6,25.8,76.3,11,33,660,0,999.9,10,52
"60b6e1af6f4f",2025-02-06 17:00:00,2025-02-06 12:00:00,4,6,26.1,76.2,8,17,657,0,999.6,10,52
"60b6e1af6f4f",2025-02-06 18:00:00,2025-02-06 13:00:00,4,6,26.5,71,10,58,663,0,999.2,9,43
"60b6e1af6f4f",2025-02-06 19:00:00,2025-02-06 14:00:00,4,6,26.5,74,11,46,668,0,998.6,9,34
"60b6e1af6f4f",2025-02-06 20:00:00,2025-02-06 15:00:00,4,6,26.5,75.2,8,12,657,0,998.4,9,40
"60b6e1af6f4f",2025-02-06 21:00:00,2025-02-06 16:00:00,5,7,25.5,80.1,7,19,656,0,998.4,8,23
"60b6e1af6f4f",2025-02-06 22:00:00,2025-02-06 17:00:00,5,7,25.1,83.8,7,50,674,0,998.4,6,4
"60b6e1af6f4f",2025-02-06 23:00:00,2025-02-06 18:00:00,5,6,24.8,83.4,8,48,670,0,998.9,7,10
"60b6e1af6f4f",2025-02-07,2025-02-06 19:00:00,5,6,24.7,83.4,7,87,678,0.1,999.8,6,5
"60b6e1af6f4f",2025-02-07 01:00:00,2025-02-06 20:00:00,5,6,24.9,82.9,8,120,708,0,1000.5,5,0
"60b6e1af6f4f",2025-02-07 02:00:00,2025-02-06 21:00:00,4,6,25.9,79.9,8,175,736,0.1,1001,5,1
"60b6e1af6f4f",2025-02-07 03:00:00,2025-02-06 22:00:00,4,6,26,79.3,9,686,762,0.3,1001.1,5,1
"60b6e1af6f4f",2025-02-07 04:00:00,2025-02-06 23:00:00,5,7,25.6,80.3,11,174,708,0,1000.7,5,0
"60b6e1af6f4f",2025-02-07 05:00:00,2025-02-07,5,7,25.3,80.9,8,63,683,0,1000.5,5,0
"60b6e1af6f4f",2025-02-07 12:00:00,2025-02-07 07:00:00,4,6,22.2,95.1,7,247,665,0.1,1002,8,19
"60b6e1af6f4f",2025-02-07 13:00:00,2025-02-07 08:00:00,4,6,23.4,89.4,12,187,688,0.7,1002.3,5,4
"60b6e1af6f4f",2025-02-07 14:00:00,2025-02-07 09:00:00,5,6,24.1,86.8,15,188,682,0.6,1002.7,5,0
"60b6e1af6f4f",2025-02-07 15:00:00,2025-02-07 10:00:00,5,6,24.9,83.4,11,249,702,0.5,1002.7,5,1
"60b6e1af6f4f",2025-02-07 16:00:00,2025-02-07 11:00:00,4,6,25.8,78.1,12,194,674,0.4,1002.3,5,0
"60b6e1af6f4f",2025-02-07 17:00:00,2025-02-07 12:00:00,4,6,26.7,73.4,7,155,678,0.4,1001.6,5,1
"60b6e1af6f4f",2025-02-07 18:00:00,2025-02-07 13:00:00,3,4,27.6,66.9,7,103,656,0.2,1001,6,2
"60b6e1af6f4f",2025-02-07 19:00:00,2025-02-07 14:00:00,3,4,27.6,69,7,52,647,0.2,1000.4,6,1
"60b6e1af6f4f",2025-02-07 20:00:00,2025-02-07 15:00:00,4,6,26.5,74.5,4,29,651,0,1000.2,7,9
"60b6e1af6f4f",2025-02-07 21:00:00,2025-02-07 16:00:00,4,6,26.4,76.6,4,72,684,0,1000.1,5,1
"60b6e1af6f4f",2025-02-07 22:00:00,2025-02-07 17:00:00,4,6,26.2,76.9,2,47,665,0,1000.1,6,3
"60b6e1af6f4f",2025-02-07 23:00:00,2025-02-07 18:00:00,4,6,25.9,77.3,4,84,669,0.1,1000.6,5,0
"60b6e1af6f4f",2025-02-08,2025-02-07 19:00:00,4,6,26.1,74.7,4,174,721,0.1,1001.1,5,0
"60b6e1af6f4f",2025-02-08 01:00:00,2025-02-07 20:00:00,4,6,26.3,71.4,5,178,724,0.1,1001.6,5,0
"60b6e1af6f4f",2025-02-08 02:00:00,2025-02-07 21:00:00,4,6,26.4,70.3,5,256,759,0.2,1001.6,5,1
"60b6e1af6f4f",2025-02-08 03:00:00,2025-02-07 22:00:00,3,4,26.4,68.6,9,253,711,0.2,1001.6,5,1
"60b6e1af6f4f",2025-02-08 04:00:00,2025-02-07 23:00:00,3,4,26.1,67.8,7,151,684,0.1,1001,5,0
"60b6e1af6f4f",2025-02-08 05:00:00,2025-02-08,4,6,25.9,71.2,7,226,703,0,1000.5,5,0
"60b6e1af6f4f",2025-02-08 06:00:00,2025-02-08 01:00:00,4,6,25.5,76.7,7,125,658,0,1000.2,5,0
"60b6e1af6f4f",2025-02-08 07:00:00,2025-02-08 02:00:00,4,6,25.4,77.6,6,186,675,0,999.4,5,1
"60b6e1af6f4f",2025-02-08 08:00:00,2025-02-08 03:00:00,4,6,25.3,77.7,5,162,672,0,999.1,5,0
"60b6e1af6f4f",2025-02-08 09:00:00,2025-02-08 04:00:00,4,6,25.1,78.1,5,121,667,0,999.6,5,0
"60b6e1af6f4f",2025-02-08 10:00:00,2025-02-08 05:00:00,4,6,25.1,77.9,5,184,700,0,1000.1,5,0
"60b6e1af6f4f",2025-02-08 11:00:00,2025-02-08 06:00:00,4,6,25.1,77.6,7,280,687,0,1000.7,4,0
"60b6e1af6f4f",2025-02-08 12:00:00,2025-02-08 07:00:00,4,5,24.9,78.8,8,172,671,0,1001.5,5,1
"60b6e1af6f4f",2025-02-08 13:00:00,2025-02-08 08:00:00,5,6,24.1,82.3,12,60,655,0,1001.8,5,3
"60b6e1af6f4f",2025-02-08 14:00:00,2025-02-08 09:00:00,4,6,22.1,89.5,10,27,638,0,1002.1,9,36
"60b6e1af6f4f",2025-02-08 15:00:00,2025-02-08 10:00:00,4,6,22.8,86.8,9,20,639,0,1002,10,46
"60b6e1af6f4f",2025-02-08 16:00:00,2025-02-08 11:00:00,4,6,23.4,84.4,8,25,644,0,1001.4,9,42
"60b6e1af6f4f",2025-02-08 17:00:00,2025-02-08 12:00:00,5,6,24.2,81.4,8,148,658,0,1000.9,8,25
"60b6e1af6f4f",2025-02-08 18:00:00,2025-02-08 13:00:00,5,6,24.6,80,7,1598,646,0,1000.2,8,21
"60b6e1af6f4f",2025-02-08 19:00:00,2025-02-08 14:00:00,4,5,24.7,79.8,6,138,650,0,999.7,8,25
"60b6e1af6f4f",2025-02-08 20:00:00,2025-02-08 15:00:00,4,6,25.4,78.1,5,417,673,0,999.1,5,1
"60b6e1af6f4f",2025-02-08 21:00:00,2025-02-08 16:00:00,4,6,25.7,78.3,4,158,656,0.1,999,5,1
"60b6e1af6f4f",2025-02-08 22:00:00,2025-02-08 17:00:00,4,6,25.7,79,3,151,640,0,999.4,5,0
"60b6e1af6f4f",2025-02-08 23:00:00,2025-02-08 18:00:00,4,6,25.7,79,5,168,650,0,999.9,5,0
"60b6e1af6f4f",2025-02-09,2025-02-08 19:00:00,4,6,25.4,78.8,4,95,659,0,1000.3,5,0
"60b6e1af6f4f",2025-02-09 01:00:00,2025-02-08 20:00:00,4,6,25.5,78.7,4,120,670,0,1000.9,5,1
"60b6e1af6f4f",2025-02-09 02:00:00,2025-02-08 21:00:00,4,6,25.8,77.6,4,215,744,0,1001.5,5,1
"60b6e1af6f4f",2025-02-09 03:00:00,2025-02-08 22:00:00,4,6,25.8,77.2,5,190,733,0,1001.5,5,1
"60b6e1af6f4f",2025-02-09 04:00:00,2025-02-08 23:00:00,4,6,25.9,76.8,4,534,742,0,1001.5,5,0
"60b6e1af6f4f",2025-02-09 05:00:00,2025-02-09,4,6,25.9,76.7,5,296,743,0,1001.2,4,0
"60b6e1af6f4f",2025-02-09 06:00:00,2025-02-09 01:00:00,4,6,25.7,77.7,4,409,720,0,1001.1,4,1
"60b6e1af6f4f",2025-02-09 07:00:00,2025-02-09 02:00:00,4,6,25.5,78.2,3,361,674,0,1001.1,4,0
"60b6e1af6f4f",2025-02-09 08:00:00,2025-02-09 03:00:00,4,6,25.5,78.4,4,330,656,0,1001,4,0
"60b6e1af6f4f",2025-02-09 09:00:00,2025-02-09 04:00:00,4,6,25.4,78.9,3,341,652,0,1001.1,4,1
"60b6e1af6f4f",2025-02-09 10:00:00,2025-02-09 05:00:00,4,6,25.3,78.8,4,344,653,0,1001.5,4,0
"60b6e1af6f4f",2025-02-09 11:00:00,2025-02-09 06:00:00,4,6,25.2,78.8,3,337,649,0,1002,4,0
"60b6e1af6f4f",2025-02-09 12:00:00,2025-02-09 07:00:00,4,6,25.1,79.4,4,339,651,0,1002.5,4,1
"60b6e1af6f4f",2025-02-09 13:00:00,2025-02-09 08:00:00,5,7,25,80.4,4,256,648,0,1002.8,4,1
"60b6e1af6f4f",2025-02-09 14:00:00,2025-02-09 09:00:00,5,6,24.9,81.4,4,48,651,0,1002.7,5,0
"60b6e1af6f4f",2025-02-09 15:00:00,2025-02-09 10:00:00,4,6,25.4,78.9,3,31,626,0,1002.4,5,0
"60b6e1af6f4f",2025-02-09 16:00:00,2025-02-09 11:00:00,4,6,25.6,77.8,3,25,636,0,1001.9,5,1
"60b6e1af6f4f",2025-02-09 17:00:00,2025-02-09 12:00:00,4,6,26.1,77.3,3,161,688,0,1001.1,5,0
"60b6e1af6f4f",2025-02-09 18:00:00,2025-02-09 13:00:00,4,6,26.8,74.9,3,92,677,0,1000.4,5,0
"60b6e1af6f4f",2025-02-09 19:00:00,2025-02-09 14:00:00,4,6,26.9,74.3,4,630,654,0,999.9,5,1
"60b6e1af6f4f",2025-02-09 20:00:00,2025-02-09 15:00:00,4,6,27.3,72.1,5,80,656,0,999.5,5,0
"60b6e1af6f4f",2025-02-09 21:00:00,2025-02-09 16:00:00,4,6,26.6,72.8,4,53,662,0,999.4,5,0
"60b6e1af6f4f",2025-02-09 22:00:00,2025-02-09 17:00:00,4,6,26.2,74.1,5,48,674,0,999.6,5,1
"60b6e1af6f4f",2025-02-09 23:00:00,2025-02-09 18:00:00,4,6,26.4,72.8,4,58,645,0,1000.3,5,0
"60b6e1af6f4f",2025-02-10,2025-02-09 19:00:00,4,6,26,74.8,5,114,674,0,1001.3,5,0
"60b6e1af6f4f",2025-02-10 01:00:00,2025-02-09 20:00:00,5,6,24.6,81.1,4,161,639,0,1002.4,5,0
"60b6e1af6f4f",2025-02-10 02:00:00,2025-02-09 21:00:00,5,6,24.3,82.4,5,16,640,0,1002.8,5,1
"60b6e1af6f4f",2025-02-10 03:00:00,2025-02-09 22:00:00,5,6,24.9,80.7,5,72,649,0,1002.9,5,1
"60b6e1af6f4f",2025-02-10 04:00:00,2025-02-09 23:00:00,4,6,25.7,78.6,4,425,764,0,1002.7,4,1
"60b6e1af6f4f",2025-02-10 05:00:00,2025-02-10,5,7,26.1,78.8,5,421,948,0.2,1002.4,4,0
"60b6e1af6f4f",2025-02-10 06:00:00,2025-02-10 01:00:00,4,6,26,78.1,3,415,709,0,1002,4,0
"60b6e1af6f4f",2025-02-10 07:00:00,2025-02-10 02:00:00,4,6,25.9,78.3,4,407,678,0,1001.8,4,0
"60b6e1af6f4f",2025-02-10 08:00:00,2025-02-10 03:00:00,4,6,25.9,77.8,3,325,654,0,1001.6,4,1
"60b6e1af6f4f",2025-02-10 09:00:00,2025-02-10 04:00:00,4,6,25.7,78.7,4,372,652,0,1001.7,4,1
"60b6e1af6f4f",2025-02-10 10:00:00,2025-02-10 05:00:00,4,6,25.7,78.7,3,383,656,0,1002,4,0
"60b6e1af6f4f",2025-02-10 11:00:00,2025-02-10 06:00:00,4,6,25.1,79.4,4,269,655,0,1002.6,4,1
"60b6e1af6f4f",2025-02-10 12:00:00,2025-02-10 07:00:00,5,6,24.4,82.4,7,113,691,0,1003.3,5,1
"60b6e1af6f4f",2025-02-10 13:00:00,2025-02-10 08:00:00,5,6,24.3,82.8,6,77,650,0,1003.3,5,0
"60b6e1af6f4f",2025-02-10 14:00:00,2025-02-10 09:00:00,4,6,25.1,79.6,5,70,633,0,1003.5,5,0
"60b6e1af6f4f",2025-02-10 15:00:00,2025-02-10 10:00:00,4,6,25.3,78.9,4,34,625,0,1003.3,6,4
"60b6e1af6f4f",2025-02-10 16:00:00,2025-02-10 11:00:00,4,6,26.6,73,3,122,670,0,1003,5,0
"60b6e1af6f4f",2025-02-10 17:00:00,2025-02-10 12:00:00,4,6,26.9,71.4,4,304,640,0,1002.5,5,0
"60b6e1af6f4f",2025-02-10 18:00:00,2025-02-10 13:00:00,4,6,26.3,74.5,6,116,641,0,1002,5,1
"60b6e1af6f4f",2025-02-10 19:00:00,2025-02-10 14:00:00,4,6,26.7,74.4,5,414,786,0,1001.5,4,0
"60b6e1af6f4f",2025-02-10 20:00:00,2025-02-10 15:00:00,4,6,26.8,73.9,4,402,647,0,1000.8,4,0
"60b6e1af6f4f",2025-02-10 21:00:00,2025-02-10 16:00:00,4,6,26.8,71.6,4,229,662,0,1000.2,5,1
"60b6e1af6f4f",2025-02-10 22:00:00,2025-02-10 17:00:00,4,6,26.7,70.6,4,137,648,0,1000,5,0
"60b6e1af6f4f",2025-02-10 23:00:00,2025-02-10 18:00:00,4,6,26.7,71.8,4,258,650,0,1000.1,5,0
"60b6e1af6f4f",2025-02-11,2025-02-10 19:00:00,4,6,26.6,71.4,5,347,661,0,1000.6,5,0
"60b6e1af6f4f",2025-02-11 01:00:00,2025-02-10 20:00:00,4,6,26.5,71.1,4,197,653,0,1001.3,5,1
"60b6e1af6f4f",2025-02-11 02:00:00,2025-02-10 21:00:00,4,6,26.4,71.2,6,235,661,0,1001.8,5,0
"60b6e1af6f4f",2025-02-11 03:00:00,2025-02-10 22:00:00,4,6,26.4,72.2,5,247,651,0,1002.1,5,1
"60b6e1af6f4f",2025-02-11 04:00:00,2025-02-10 23:00:00,4,6,26.1,75.3,4,152,639,0,1002,5,0
"60b6e1af6f4f",2025-02-11 05:00:00,2025-02-11,4,6,25.9,76.4,3,109,631,0,1001.4,5,1
"60b6e1af6f4f",2025-02-11 06:00:00,2025-02-11 01:00:00,4,6,26.2,75,4,284,661,0,1000.6,4,0
"60b6e1af6f4f",2025-02-11 07:00:00,2025-02-11 02:00:00,4,6,26.2,73.8,4,295,645,0,1000,4,1
"60b6e1af6f4f",2025-02-11 08:00:00,2025-02-11 03:00:00,4,6,26.1,73.4,3,251,628,0,999.7,4,1
"60b6e1af6f4f",2025-02-11 09:00:00,2025-02-11 04:00:00,4,6,25.9,74.3,3,183,619,0,999.6,4,1
"60b6e1af6f4f",2025-02-11 10:00:00,2025-02-11 05:00:00,4,6,25.7,77.1,4,159,619,0,1000,4,0
"60b6e1af6f4f",2025-02-11 11:00:00,2025-02-11 06:00:00,4,6,25.7,77.2,4,231,631,0,1000.6,4,1
"60b6e1af6f4f",2025-02-11 12:00:00,2025-02-11 07:00:00,4,6,25.7,75.7,4,272,672,0,1001.2,5,1
"60b6e1af6f4f",2025-02-11 13:00:00,2025-02-11 08:00:00,4,6,25.8,73.3,6,215,649,0,1001.4,5,0
"60b6e1af6f4f",2025-02-11 14:00:00,2025-02-11 09:00:00,4,6,26.1,72,9,211,632,0,1001.3,5,0
"60b6e1af6f4f",2025-02-11 15:00:00,2025-02-11 10:00:00,3,4,26.4,69.8,6,178,635,0,1000.9,5,0
"60b6e1af6f4f",2025-02-11 16:00:00,2025-02-11 11:00:00,4,6,26.5,72,5,58,623,0,1000.5,6,10
"60b6e1af6f4f",2025-02-11 17:00:00,2025-02-11 12:00:00,4,6,26.9,70.4,3,207,628,0,999.9,5,3
"60b6e1af6f4f",2025-02-11 18:00:00,2025-02-11 13:00:00,3,4,27.2,67.9,5,314,568,0,999.1,4,0
"60b6e1af6f4f",2025-02-11 19:00:00,2025-02-11 14:00:00,4,6,27,71.8,3,183,549,0,998.6,5,0
"60b6e1af6f4f",2025-02-11 20:00:00,2025-02-11 15:00:00,4,6,27.4,71.9,3,217,584,0,998.1,5,0
"60b6e1af6f4f",2025-02-11 21:00:00,2025-02-11 16:00:00,3,4,27.9,67.1,3,260,596,0,997.9,5,0
"60b6e1af6f4f",2025-02-11 22:00:00,2025-02-11 17:00:00,3,4,27.6,68.1,4,110,582,0,998,5,0
"60b6e1af6f4f",2025-02-11 23:00:00,2025-02-11 18:00:00,3,4,28,65.7,4,207,620,0,998.5,5,1
"60b6e1af6f4f",2025-02-12,2025-02-11 19:00:00,3,4,28.4,62.8,6,281,620,0,999.2,5,1
"60b6e1af6f4f",2025-02-12 01:00:00,2025-02-11 20:00:00,3,4,28.5,65.1,4,276,658,0,999.8,5,1
"60b6e1af6f4f",2025-02-12 02:00:00,2025-02-11 21:00:00,3,4,28.1,69.5,5,323,694,0,1000.4,4,1
"60b6e1af6f4f",2025-02-12 03:00:00,2025-02-11 22:00:00,4,6,27.5,72.8,4,1075,642,0,1000.9,4,0
"60b6e1af6f4f",2025-02-12 04:00:00,2025-02-11 23:00:00,5,7,27.3,74.6,4,529,863,0,1000.7,4,0
"60b6e1af6f4f",2025-02-12 05:00:00,2025-02-12,4,6,27,75.5,4,45,595,0,1000,5,1
"60b6e1af6f4f",2025-02-12 06:00:00,2025-02-12 01:00:00,4,6,26.4,77.5,4,40,556,0,999.5,5,1
"60b6e1af6f4f",2025-02-12 07:00:00,2025-02-12 02:00:00,4,6,26.1,78.7,4,41,550,0,998.9,5,0
"60b6e1af6f4f",2025-02-12 08:00:00,2025-02-12 03:00:00,4,6,26,79.2,5,46,549,0,998.5,4,0
"60b6e1af6f4f",2025-02-12 09:00:00,2025-02-12 04:00:00,5,7,25.6,80.5,5,43,550,0,998.4,5,1
"60b6e1af6f4f",2025-02-12 10:00:00,2025-02-12 05:00:00,5,7,25.2,82.4,3,26,550,0,998.6,5,0
"60b6e1af6f4f",2025-02-12 11:00:00,2025-02-12 06:00:00,5,7,25.2,82.6,4,92,571,0,999.1,4,1
"60b6e1af6f4f",2025-02-12 12:00:00,2025-02-12 07:00:00,5,7,25.1,82.7,7,175,587,0.1,999.8,4,1
"60b6e1af6f4f",2025-02-12 13:00:00,2025-02-12 08:00:00,5,6,24.8,84.4,5,53,565,0,1000.5,5,0
"60b6e1af6f4f",2025-02-12 14:00:00,2025-02-12 09:00:00,5,7,25.8,82,7,143,589,0.1,1000.8,4,1
"60b6e1af6f4f",2025-02-12 15:00:00,2025-02-12 10:00:00,5,7,25.5,81.8,10,83,559,0,1000.7,5,0
"60b6e1af6f4f",2025-02-12 16:00:00,2025-02-12 11:00:00,5,7,25.4,83.3,8,202,554,0,1000.5,5,0
"60b6e1af6f4f",2025-02-12 17:00:00,2025-02-12 12:00:00,5,7,25.5,81.7,8,44,554,0,1000.4,5,1
"60b6e1af6f4f",2025-02-12 18:00:00,2025-02-12 13:00:00,5,6,24.9,83.3,7,12,554,0,1000.2,5,0
"60b6e1af6f4f",2025-02-12 19:00:00,2025-02-12 14:00:00,4,6,25.8,79.9,10,178,561,0,999.7,5,0
"60b6e1af6f4f",2025-02-12 20:00:00,2025-02-12 15:00:00,4,6,25.6,79.6,12,169,550,0,999.3,5,1
"60b6e1af6f4f",2025-02-12 21:00:00,2025-02-12 16:00:00,4,6,25.9,78.7,9,1140,583,0,999.1,5,0
"60b6e1af6f4f",2025-02-12 22:00:00,2025-02-12 17:00:00,5,7,25.2,80.8,6,475,560,0,999.7,6,3
"60b6e1af6f4f",2025-02-12 23:00:00,2025-02-12 18:00:00,5,6,24.6,83.2,6,640,567,0,1000.5,6,8
"60b6e1af6f4f",2025-02-13,2025-02-12 19:00:00,5,7,25,83.5,8,784,595,0.2,1001.4,5,1
"60b6e1af6f4f",2025-02-13 01:00:00,2025-02-12 20:00:00,6,8,25.5,81.5,15,1654,600,0.3,1002.1,5,0
"60b6e1af6f4f",2025-02-13 02:00:00,2025-02-12 21:00:00,5,7,26,81.5,14,1067,614,0.4,1002.6,4,1
"60b6e1af6f4f",2025-02-13 03:00:00,2025-02-12 22:00:00,5,7,25.4,83.8,15,1143,595,0.3,1002.8,4,0
"60b6e1af6f4f",2025-02-13 04:00:00,2025-02-12 23:00:00,5,7,25.7,81.4,12,871,591,0.2,1002.2,4,0
"60b6e1af6f4f",2025-02-13 05:00:00,2025-02-13,5,7,25.5,81.3,9,435,576,0,1001.6,5,1
"60b6e1af6f4f",2025-02-13 06:00:00,2025-02-13 01:00:00,5,7,25.5,81,9,313,559,0,1001,5,0
"60b6e1af6f4f",2025-02-13 07:00:00,2025-02-13 02:00:00,5,7,25.2,81.1,6,204,545,0,1000.6,5,1
"60b6e1af6f4f",2025-02-13 08:00:00,2025-02-13 03:00:00,5,6,24.9,82.3,5,200,544,0,1000.6,5,0
"60b6e1af6f4f",2025-02-13 09:00:00,2025-02-13 04:00:00,5,6,24.6,84,5,180,544,0,1000.8,5,0
"60b6e1af6f4f",2025-02-13 10:00:00,2025-02-13 05:00:00,5,6,24.4,85.2,6,258,551,0,1001.1,5,0
"60b6e1af6f4f",2025-02-13 11:00:00,2025-02-13 06:00:00,5,6,24.8,84.6,7,364,577,0,1001.4,4,0
"60b6e1af6f4f",2025-02-13 12:00:00,2025-02-13 07:00:00,5,7,25,83.7,11,289,597,0.1,1001.9,5,1
"60b6e1af6f4f",2025-02-13 13:00:00,2025-02-13 08:00:00,5,7,25.1,83.1,8,266,566,0.1,1002.3,5,0
"60b6e1af6f4f",2025-02-13 14:00:00,2025-02-13 09:00:00,5,7,25.1,82.7,7,219,549,0,1002.5,5,0
"60b6e1af6f4f",2025-02-13 15:00:00,2025-02-13 10:00:00,5,7,25.3,82.6,8,243,565,0,1002.2,5,1
"60b6e1af6f4f",2025-02-13 17:00:00,2025-02-13 12:00:00,5,6,24.7,84.8,4,143,551,0,1001.2,8,19
"60b6e1af6f4f",2025-02-13 18:00:00,2025-02-13 13:00:00,4,6,26,79.5,4,168,548,0,1001,7,11
"60b6e1af6f4f",2025-02-13 19:00:00,2025-02-13 14:00:00,4,6,26.8,76.5,4,333,529,0,1000.4,5,3
"60b6e1af6f4f",2025-02-13 20:00:00,2025-02-13 15:00:00,4,6,27.2,73.2,3,196,547,0,999.9,5,0
"60b6e1af6f4f",2025-02-13 21:00:00,2025-02-13 16:00:00,4,6,27.6,71.6,3,208,563,0,999.8,5,1
"60b6e1af6f4f",2025-02-13 22:00:00,2025-02-13 17:00:00,4,6,27.6,71,4,244,550,0,1000.6,5,0
"60b6e1af6f4f",2025-02-13 23:00:00,2025-02-13 18:00:00,4,6,27.1,72.4,6,219,547,0,1001.4,5,0
"60b6e1af6f4f",2025-02-14,2025-02-13 19:00:00,4,6,27.2,72.1,5,216,553,0,1002.1,5,0
"60b6e1af6f4f",2025-02-14 01:00:00,2025-02-13 20:00:00,4,6,27.3,72.1,6,306,569,0,1002.7,4,1
"60b6e1af6f4f",2025-02-14 02:00:00,2025-02-13 21:00:00,4,6,27,74.5,5,253,548,0,1003.3,4,1
"60b6e1af6f4f",2025-02-14 03:00:00,2025-02-13 22:00:00,4,6,27.1,72.5,4,466,557,0,1003.8,5,3
"60b6e1af6f4f",2025-02-14 04:00:00,2025-02-13 23:00:00,4,6,27.1,73.6,5,1747,567,0,1003.8,5,5
"60b6e1af6f4f",2025-02-14 05:00:00,2025-02-14,4,6,26.8,75.1,3,284,541,0,1003.3,4,0
"60b6e1af6f4f",2025-02-14 06:00:00,2025-02-14 01:00:00,4,6,26.6,76.7,3,211,534,0,1002.8,4,1
"60b6e1af6f4f",2025-02-14 07:00:00,2025-02-14 02:00:00,4,6,26.4,77.6,4,173,532,0,1002.4,4,0
"60b6e1af6f4f",2025-02-14 08:00:00,2025-02-14 03:00:00,4,6,26.1,78.5,3,117,526,0,1002.5,5,0
"60b6e1af6f4f",2025-02-14 09:00:00,2025-02-14 04:00:00,4,6,25.7,79.8,4,80,525,0,1002.4,5,0
"60b6e1af6f4f",2025-02-14 10:00:00,2025-02-14 05:00:00,5,6,24.8,82.9,5,28,527,0,1002.7,5,1
"60b6e1af6f4f",2025-02-14 11:00:00,2025-02-14 06:00:00,4,6,23.7,87.3,4,22,530,0,1003.4,5,1
"60b6e1af6f4f",2025-02-14 12:00:00,2025-02-14 07:00:00,4,6,23.3,88.5,3,46,537,0,1004.2,5,1
"60b6e1af6f4f",2025-02-14 13:00:00,2025-02-14 08:00:00,4,6,23.6,87.7,4,67,541,0,1004.5,5,0
"60b6e1af6f4f",2025-02-14 14:00:00,2025-02-14 09:00:00,4,6,23.8,86.9,4,17,533,0,1004.6,5,0
"60b6e1af6f4f",2025-02-14 15:00:00,2025-02-14 10:00:00,5,7,25.1,81.1,6,43,534,0,1004.1,5,0
"60b6e1af6f4f",2025-02-14 16:00:00,2025-02-14 11:00:00,5,6,24.3,82.7,4,8,528,0,1003.7,6,1
"60b6e1af6f4f",2025-02-14 17:00:00,2025-02-14 12:00:00,5,6,24.3,82.8,3,11,524,0,1003.1,6,1
"60b6e1af6f4f",2025-02-14 18:00:00,2025-02-14 13:00:00,5,6,24.9,81.9,2,30,522,0,1002.6,6,2
"60b6e1af6f4f",2025-02-14 19:00:00,2025-02-14 14:00:00,4,6,25.6,79.9,3,44,522,0,1001.8,5,0
"60b6e1af6f4f",2025-02-14 20:00:00,2025-02-14 15:00:00,4,6,25.9,78.3,2,91,523,0,1001.4,5,0
"60b6e1af6f4f",2025-02-14 21:00:00,2025-02-14 16:00:00,4,6,26.4,76.9,3,221,524,0,1001.1,5,1
"60b6e1af6f4f",2025-02-14 22:00:00,2025-02-14 17:00:00,4,6,26.7,76.8,3,422,530,0,1001.2,4,1
"60b6e1af6f4f",2025-02-14 23:00:00,2025-02-14 18:00:00,4,6,26.5,78.5,3,762,543,0,1001.8,4,0
"60b6e1af6f4f",2025-02-15,2025-02-14 19:00:00,4,6,26.6,78.3,3,564,535,0,1002.5,4,0
"60b6e1af6f4f",2025-02-15 01:00:00,2025-02-14 20:00:00,4,6,26.4,78.7,3,568,538,0,1003,4,1
"60b6e1af6f4f",2025-02-15 02:00:00,2025-02-14 21:00:00,5,7,26.1,80.2,4,594,556,0,1003.2,4,0
"60b6e1af6f4f",2025-02-15 03:00:00,2025-02-14 22:00:00,5,7,26.1,80.2,5,656,557,0,1003.2,4,0
"60b6e1af6f4f",2025-02-15 04:00:00,2025-02-14 23:00:00,5,7,25.1,82.9,4,272,536,0,1002.9,4,1
"60b6e1af6f4f",2025-02-15 05:00:00,2025-02-15,5,6,24.8,83.4,3,194,533,0,1002.3,4,0
"60b6e1af6f4f",2025-02-15 06:00:00,2025-02-15 01:00:00,5,7,25.1,82.3,2,211,529,0,1001.7,4,0
"60b6e1af6f4f",2025-02-15 07:00:00,2025-02-15 02:00:00,5,7,25.6,80.8,2,344,541,0,1001.1,4,1
"60b6e1af6f4f",2025-02-15 08:00:00,2025-02-15 03:00:00,5,7,25.7,80.2,2,533,527,0,1000.3,4,0
"60b6e1af6f4f",2025-02-15 09:00:00,2025-02-15 04:00:00,5,7,25.4,81.2,2,425,523,0,1000.2,4,0
"60b6e1af6f4f",2025-02-15 10:00:00,2025-02-15 05:00:00,5,7,25.1,81.7,3,510,524,0,1000.7,4,0
"60b6e1af6f4f",2025-02-15 11:00:00,2025-02-15 06:00:00,5,6,24.7,83,2,315,520,0,1001.5,4,1
"60b6e1af6f4f",2025-02-15 12:00:00,2025-02-15 07:00:00,5,7,25.1,81.8,1,507,533,0,1001.9,4,1
"60b6e1af6f4f",2025-02-15 13:00:00,2025-02-15 08:00:00,5,6,24.4,84.2,2,227,524,0,1002.3,4,1
"60b6e1af6f4f",2025-02-15 14:00:00,2025-02-15 09:00:00,4,6,23.4,87.9,3,158,522,0,1002.6,5,0
"60b6e1af6f4f",2025-02-15 15:00:00,2025-02-15 10:00:00,4,6,23.8,86.3,3,67,522,0,1002.5,5,0
"60b6e1af6f4f",2025-02-15 16:00:00,2025-02-15 11:00:00,5,6,24.9,83.4,2,271,549,0,1002.2,4,0
"60b6e1af6f4f",2025-02-15 17:00:00,2025-02-15 12:00:00,5,7,25.6,81,2,452,553,0,1001.7,4,1
"60b6e1af6f4f",2025-02-15 18:00:00,2025-02-15 13:00:00,5,7,25.6,80.9,2,197,532,0,1000.9,4,1
"60b6e1af6f4f",2025-02-15 19:00:00,2025-02-15 14:00:00,5,7,25.2,81.9,1,155,522,0,1000,5,0
"60b6e1af6f4f",2025-02-15 20:00:00,2025-02-15 15:00:00,5,7,25.3,81.7,2,190,517,0,999.6,4,1
"60b6e1af6f4f",2025-02-15 21:00:00,2025-02-15 16:00:00,5,7,25,83,2,103,523,0,999.4,5,1
"60b6e1af6f4f",2025-02-15 22:00:00,2025-02-15 17:00:00,5,7,25.3,81.4,2,138,531,0,999.5,4,0
"60b6e1af6f4f",2025-02-15 23:00:00,2025-02-15 18:00:00,5,7,25.2,82,3,198,532,0,999.9,4,0
"60b6e1af6f4f",2025-02-16,2025-02-15 19:00:00,5,6,24.8,83.2,4,314,536,0,1000.3,4,1
"60b6e1af6f4f",2025-02-16 01:00:00,2025-02-15 20:00:00,5,7,25,83.3,3,393,533,0,1001,4,0
"60b6e1af6f4f",2025-02-16 02:00:00,2025-02-15 21:00:00,5,7,25.1,83.1,4,504,563,0,1001.5,4,1
"60b6e1af6f4f",2025-02-16 03:00:00,2025-02-15 22:00:00,5,7,25.3,82.5,3,425,547,0,1001.9,4,1
"60b6e1af6f4f",2025-02-16 04:00:00,2025-02-15 23:00:00,5,7,25.3,81.9,3,521,550,0,1001.9,4,0
"60b6e1af6f4f",2025-02-16 05:00:00,2025-02-16,5,7,25.6,80.6,3,820,566,0,1001.4,4,1
"60b6e1af6f4f",2025-02-16 06:00:00,2025-02-16 01:00:00,5,7,25.4,80.7,4,568,552,0,1000.6,4,1
"60b6e1af6f4f",2025-02-16 07:00:00,2025-02-16 02:00:00,5,7,25.4,80.9,3,637,539,0,999.9,4,0
"60b6e1af6f4f",2025-02-16 08:00:00,2025-02-16 03:00:00,5,7,25.4,81,2,804,535,0,999.4,4,0
"60b6e1af6f4f",2025-02-16 09:00:00,2025-02-16 04:00:00,5,7,25.3,81.2,2,818,531,0,999.5,4,1
"60b6e1af6f4f",2025-02-16 10:00:00,2025-02-16 05:00:00,5,7,25.2,81.5,2,569,530,0,1000,4,1
"60b6e1af6f4f",2025-02-16 11:00:00,2025-02-16 06:00:00,5,7,25,81.9,3,358,527,0,1000.6,4,0
"60b6e1af6f4f",2025-02-16 12:00:00,2025-02-16 07:00:00,5,6,24.6,83.4,2,147,522,0,1001.2,4,1
"60b6e1af6f4f",2025-02-16 13:00:00,2025-02-16 08:00:00,4,6,22.9,89.6,2,6,512,0,1001.5,5,0
"60b6e1af6f4f",2025-02-16 14:00:00,2025-02-16 09:00:00,4,6,22.7,90.6,2,21,513,0,1001.6,5,1
"60b6e1af6f4f",2025-02-16 15:00:00,2025-02-16 10:00:00,4,6,23.3,88.5,1,20,512,0,1001.9,5,0
"60b6e1af6f4f",2025-02-16 16:00:00,2025-02-16 11:00:00,4,6,23.4,87.9,2,10,512,0,1001.6,5,0
"60b6e1af6f4f",2025-02-16 17:00:00,2025-02-16 12:00:00,4,6,23.7,85.8,2,21,511,0,1001.5,5,1
"60b6e1af6f4f",2025-02-16 18:00:00,2025-02-16 13:00:00,4,6,23.9,84.4,2,30,511,0,1000.8,5,1
"60b6e1af6f4f",2025-02-16 19:00:00,2025-02-16 14:00:00,5,6,24.8,80.9,2,247,510,0,1000.1,5,1
"60b6e1af6f4f",2025-02-16 20:00:00,2025-02-16 15:00:00,5,6,24.4,81.9,2,147,509,0,999.8,5,0
"60b6e1af6f4f",2025-02-16 21:00:00,2025-02-16 16:00:00,5,6,24.5,81,2,192,510,0,999.5,5,0
"60b6e1af6f4f",2025-02-16 22:00:00,2025-02-16 17:00:00,5,6,24.5,82,2,246,514,0,999.9,5,0
"60b6e1af6f4f",2025-02-16 23:00:00,2025-02-16 18:00:00,5,6,24.3,83.3,3,3317,536,0,1000.6,4,0
"60b6e1af6f4f",2025-02-17,2025-02-16 19:00:00,5,6,24.4,82.3,4,866,534,0,1001.2,4,0
"60b6e1af6f4f",2025-02-17 01:00:00,2025-02-16 20:00:00,5,6,24.7,81.1,5,793,530,0,1001.8,4,0
"60b6e1af6f4f",2025-02-17 02:00:00,2025-02-16 21:00:00,5,6,24,83.1,5,517,525,0,1002.4,4,1
"60b6e1af6f4f",2025-02-17 03:00:00,2025-02-16 22:00:00,5,6,24.2,83,4,645,541,0,1003,4,0
"60b6e1af6f4f",2025-02-17 04:00:00,2025-02-16 23:00:00,5,6,24.2,83.9,3,783,577,0,1002.7,4,0
"60b6e1af6f4f",2025-02-17 05:00:00,2025-02-17,5,7,25,81.2,3,2564,592,0,1002.3,4,1
"60b6e1af6f4f",2025-02-17 06:00:00,2025-02-17 01:00:00,5,7,25,81.8,2,2232,574,0,1002,4,0
"60b6e1af6f4f",2025-02-17 07:00:00,2025-02-17 02:00:00,5,7,25.1,81.9,2,2486,562,0,1001.4,4,0
"60b6e1af6f4f",2025-02-17 08:00:00,2025-02-17 03:00:00,5,7,25.1,82,2,2768,561,0,1001,4,1
"60b6e1af6f4f",2025-02-17 09:00:00,2025-02-17 04:00:00,5,7,25,82.2,2,2859,568,0,1001,4,1
"60b6e1af6f4f",2025-02-17 10:00:00,2025-02-17 05:00:00,5,7,25,82.3,2,2884,577,0,1001.5,4,0
"60b6e1af6f4f",2025-02-17 11:00:00,2025-02-17 06:00:00,5,6,24.3,85,2,2066,565,0,1002.1,4,0
"60b6e1af6f4f",2025-02-17 12:00:00,2025-02-17 07:00:00,4,6,23,90.4,2,409,577,0,1002.8,4,0
"60b6e1af6f4f",2025-02-17 13:00:00,2025-02-17 08:00:00,4,6,23.3,89.7,2,572,577,0,1003.2,4,1
"60b6e1af6f4f",2025-02-17 14:00:00,2025-02-17 09:00:00,4,6,23.9,86.7,2,486,554,0,1003.3,4,1
"60b6e1af6f4f",2025-02-17 15:00:00,2025-02-17 10:00:00,5,6,24,85.6,3,450,556,0,1002.9,5,0
"60b6e1af6f4f",2025-02-17 16:00:00,2025-02-17 11:00:00,4,6,23.7,85.3,2,179,549,0,1002.6,6,1
"60b6e1af6f4f",2025-02-17 17:00:00,2025-02-17 12:00:00,4,6,25.4,78.8,2,363,550,0,1002.1,5,1
"60b6e1af6f4f",2025-02-17 18:00:00,2025-02-17 13:00:00,4,6,25.8,77.2,3,640,548,0,1001.4,5,1
"60b6e1af6f4f",2025-02-17 19:00:00,2025-02-17 14:00:00,4,6,25.8,77.6,3,632,561,0,1000.7,5,0
"60b6e1af6f4f",2025-02-17 20:00:00,2025-02-17 15:00:00,4,6,26.2,76.4,3,773,562,0,1000.1,4,1
"60b6e1af6f4f",2025-02-17 21:00:00,2025-02-17 16:00:00,4,6,26.1,76.6,3,604,550,0,1000,5,1
"60b6e1af6f4f",2025-02-17 22:00:00,2025-02-17 17:00:00,4,6,26,77.3,2,631,561,0,1000.2,4,0
"60b6e1af6f4f",2025-02-18 11:00:00,2025-02-18 06:00:00,4,6,20.8,98.7,2,107,582,0,1002.2,8,19
"60b6e1af6f4f",2025-02-18 12:00:00,2025-02-18 07:00:00,4,6,23.1,87.5,2,180,566,0,1002.4,6,7
"60b6e1af6f4f",2025-02-18 13:00:00,2025-02-18 08:00:00,4,6,23.3,84.8,2,1734,562,0,1002.7,5,0
"60b6e1af6f4f",2025-02-18 14:00:00,2025-02-18 09:00:00,4,6,23.8,83,2,422,577,0,1002.5,5,1
"60b6e1af6f4f",2025-02-18 15:00:00,2025-02-18 10:00:00,5,6,24.1,81.6,2,180,561,0,1001.9,5,0
"60b6e1af6f4f",2025-02-18 16:00:00,2025-02-18 11:00:00,4,6,23.8,82.9,2,63,556,0,1001.6,5,0
"60b6e1af6f4f",2025-02-18 17:00:00,2025-02-18 12:00:00,5,6,24.2,81.5,2,164,569,0,1001.2,5,2
"60b6e1af6f4f",2025-02-18 18:00:00,2025-02-18 13:00:00,5,6,24.2,80.9,2,30,557,0,1000.7,5,0
"60b6e1af6f4f",2025-02-18 19:00:00,2025-02-18 14:00:00,4,6,23.8,81.8,3,164,558,0,1000.3,5,1
"60b6e1af6f4f",2025-02-18 20:00:00,2025-02-18 15:00:00,5,6,24.2,81,2,645,587,0,999.8,4,1
"60b6e1af6f4f",2025-02-18 21:00:00,2025-02-18 16:00:00,4,6,25.2,76.9,3,1114,596,0,1000.1,5,1
"60b6e1af6f4f",2025-02-18 22:00:00,2025-02-18 17:00:00,4,5,24.5,79.5,3,566,610,0,1000.5,5,0
"60b6e1af6f4f",2025-02-18 23:00:00,2025-02-18 18:00:00,5,6,24.4,80,4,310,591,0,1001.1,5,1
"60b6e1af6f4f",2025-02-19,2025-02-18 19:00:00,5,6,24.4,80.2,3,380,592,0,1001.7,5,1
"60b6e1af6f4f",2025-02-19 01:00:00,2025-02-18 20:00:00,5,6,24.3,81.1,3,747,591,0,1002.2,4,0
"60b6e1af6f4f",2025-02-19 02:00:00,2025-02-18 21:00:00,5,6,24.3,81.8,3,2970,610,0,1002.5,4,1
"60b6e1af6f4f",2025-02-19 03:00:00,2025-02-18 22:00:00,5,6,24.4,81.2,2,2282,663,0,1002.7,4,0
"60b6e1af6f4f",2025-02-19 04:00:00,2025-02-18 23:00:00,5,6,24.1,81.8,2,1617,608,0,1002.6,4,0
"60b6e1af6f4f",2025-02-19 05:00:00,2025-02-19,5,6,24.1,81.5,3,1566,567,0,1002.1,4,1
"60b6e1af6f4f",2025-02-19 06:00:00,2025-02-19 01:00:00,5,6,24.4,80.7,2,1827,571,0,1001.5,4,1
"60b6e1af6f4f",2025-02-19 07:00:00,2025-02-19 02:00:00,5,6,24.4,80.6,2,1988,573,0,1001,4,0
"60b6e1af6f4f",2025-02-19 08:00:00,2025-02-19 03:00:00,5,6,24.4,80.6,3,2244,574,0,1000.6,4,0
"60b6e1af6f4f",2025-02-19 09:00:00,2025-02-19 04:00:00,5,6,24.3,80.5,3,2421,567,0,1000.7,4,1
"60b6e1af6f4f",2025-02-19 10:00:00,2025-02-19 05:00:00,5,6,24.2,80.5,2,2053,564,0,1000.8,4,0
"60b6e1af6f4f",2025-02-19 11:00:00,2025-02-19 06:00:00,4,6,23,84.9,3,360,554,0,1001.5,4,1
"60b6e1af6f4f",2025-02-19 12:00:00,2025-02-19 07:00:00,4,6,22.3,87.5,4,192,572,0,1002.3,5,1
"60b6e1af6f4f",2025-02-19 13:00:00,2025-02-19 08:00:00,4,6,22.3,87.9,5,250,548,0,1002.6,5,1
"60b6e1af6f4f",2025-02-19 14:00:00,2025-02-19 09:00:00,4,5,24.4,79.7,4,658,582,0,1002.4,4,0
"60b6e1af6f4f",2025-02-19 15:00:00,2025-02-19 10:00:00,4,6,23.1,82.6,4,321,545,0,1002,5,1
"60b6e1af6f4f",2025-02-19 16:00:00,2025-02-19 11:00:00,4,6,22.1,85.7,3,14,528,0,1001.5,7,10
"60b6e1af6f4f",2025-02-19 17:00:00,2025-02-19 12:00:00,4,6,23.7,80.6,3,82,531,0,1000.9,5,0
"60b6e1af6f4f",2025-02-19 18:00:00,2025-02-19 13:00:00,4,5,24.3,79,2,142,534,0,1000.3,5,1
"60b6e1af6f4f",2025-02-19 19:00:00,2025-02-19 14:00:00,4,5,24.9,77.1,2,345,554,0,999.8,5,0
"60b6e1af6f4f",2025-02-19 20:00:00,2025-02-19 15:00:00,4,5,24.9,77.1,3,318,543,0,999.4,5,1
"60b6e1af6f4f",2025-02-19 21:00:00,2025-02-19 16:00:00,4,6,25.3,75.7,4,2210,559,0,999.2,4,1
"60b6e1af6f4f",2025-02-19 22:00:00,2025-02-19 17:00:00,4,5,24.9,76.8,3,336,548,0,999.5,4,0
"60b6e1af6f4f",2025-02-19 23:00:00,2025-02-19 18:00:00,4,5,24.8,77,2,318,547,0,1000.2,4,0
"60b6e1af6f4f",2025-02-20,2025-02-19 19:00:00,4,5,24.9,76.5,3,525,555,0,1000.7,4,1
"60b6e1af6f4f",2025-02-20 01:00:00,2025-02-19 20:00:00,4,6,23.8,80.6,2,315,546,0,1001.3,5,1
"60b6e1af6f4f",2025-02-20 02:00:00,2025-02-19 21:00:00,4,5,24.1,79.9,3,627,555,0,1001.6,4,1
"60b6e1af6f4f",2025-02-20 03:00:00,2025-02-19 22:00:00,4,5,24.4,78.7,5,817,570,0,1001.7,4,0
"60b6e1af6f4f",2025-02-20 04:00:00,2025-02-19 23:00:00,4,6,23.9,81.2,4,421,549,0,1001.5,4,1
"60b6e1af6f4f",2025-02-20 05:00:00,2025-02-20,4,5,24.8,77.9,4,1062,560,0,1000.8,4,1
"60b6e1af6f4f",2025-02-20 06:00:00,2025-02-20 01:00:00,4,5,24.8,77.2,4,1170,552,0,1000,4,0
"60b6e1af6f4f",2025-02-20 07:00:00,2025-02-20 02:00:00,4,5,24.6,77.8,2,958,549,0,999.5,4,0
"60b6e1af6f4f",2025-02-20 08:00:00,2025-02-20 03:00:00,4,5,24.4,78.4,2,503,543,0,999.5,4,0
"60b6e1af6f4f",2025-02-20 09:00:00,2025-02-20 04:00:00,4,5,24.1,79.6,1,917,545,0,999.6,4,1
"60b6e1af6f4f",2025-02-20 10:00:00,2025-02-20 05:00:00,4,5,24.1,79.7,1,1014,541,0,999.9,4,0
"60b6e1af6f4f",2025-02-20 11:00:00,2025-02-20 06:00:00,4,6,22.9,84.3,2,455,537,0,1000.4,5,1
"60b6e1af6f4f",2025-02-20 12:00:00,2025-02-20 07:00:00,4,6,22,88.5,3,368,542,0,1001.2,5,1
"60b6e1af6f4f",2025-02-20 13:00:00,2025-02-20 08:00:00,4,6,22.9,85.4,4,731,545,0,1001.8,5,0
"60b6e1af6f4f",2025-02-20 14:00:00,2025-02-20 09:00:00,4,6,23.4,82.5,4,342,531,0,1002.2,5,1
"60b6e1af6f4f",2025-02-20 15:00:00,2025-02-20 10:00:00,4,5,24.3,78.5,4,182,521,0,1002.1,5,1
"60b6e1af6f4f",2025-02-20 16:00:00,2025-02-20 11:00:00,4,5,24.5,77,5,225,522,0,1001.8,5,1
"60b6e1af6f4f",2025-02-20 17:00:00,2025-02-20 12:00:00,4,5,24.8,76.5,3,554,529,0,1001.1,5,0
"60b6e1af6f4f",2025-02-20 18:00:00,2025-02-20 13:00:00,4,6,25.4,75.1,4,1463,553,0,1000.7,4,1
"60b6e1af6f4f",2025-02-20 19:00:00,2025-02-20 14:00:00,4,6,25.8,74.3,3,1266,554,0,1000.2,4,1
"60b6e1af6f4f",2025-02-20 20:00:00,2025-02-20 15:00:00,4,6,25.5,75,3,952,528,0,999.7,4,1
"60b6e1af6f4f",2025-02-20 21:00:00,2025-02-20 16:00:00,4,6,25.1,77.1,2,714,524,0,999.8,4,0
"60b6e1af6f4f",2025-02-20 22:00:00,2025-02-20 17:00:00,4,6,25.5,76,3,855,529,0,1000,4,1
"60b6e1af6f4f",2025-02-20 23:00:00,2025-02-20 18:00:00,4,6,25,77.1,3,972,538,0,1000.8,4,0
"60b6e1af6f4f",2025-02-21,2025-02-20 19:00:00,4,6,25.5,74.9,4,1097,542,0,1001.4,4,0
"60b6e1af6f4f",2025-02-21 01:00:00,2025-02-20 20:00:00,4,6,25.1,76.1,4,1163,545,0,1002.1,4,1
"60b6e1af6f4f",2025-02-21 02:00:00,2025-02-20 21:00:00,4,5,24.8,77.1,4,1545,565,0,1002.5,4,1
"60b6e1af6f4f",2025-02-21 03:00:00,2025-02-20 22:00:00,4,5,24.7,76.9,4,1815,579,0,1002.8,4,1
"60b6e1af6f4f",2025-02-21 04:00:00,2025-02-20 23:00:00,4,5,24.4,77.5,4,1440,545,0,1002.5,4,1
"60b6e1af6f4f",2025-02-21 05:00:00,2025-02-21,4,5,24.1,79.1,5,1088,536,0,1001.8,4,0
"60b6e1af6f4f",2025-02-21 06:00:00,2025-02-21 01:00:00,4,6,23.7,81.7,4,647,531,0,1001.2,4,0
"60b6e1af6f4f",2025-02-21 07:00:00,2025-02-21 02:00:00,4,6,23.8,81.8,4,696,527,0,1000.7,4,0
"60b6e1af6f4f",2025-02-21 08:00:00,2025-02-21 03:00:00,4,6,23.6,83.2,5,486,525,0,1000.4,4,0
"60b6e1af6f4f",2025-02-21 09:00:00,2025-02-21 04:00:00,4,6,23.5,83.3,6,629,525,0,1000.2,4,1
"60b6e1af6f4f",2025-02-21 10:00:00,2025-02-21 05:00:00,4,6,22.8,86,3,301,526,0,1000.8,5,0
"60b6e1af6f4f",2025-02-21 11:00:00,2025-02-21 06:00:00,4,6,22,89.2,4,361,533,0,1001.4,4,0
"60b6e1af6f4f",2025-02-21 12:00:00,2025-02-21 07:00:00,4,6,22.5,87.7,6,802,542,0,1001.9,4,0
"60b6e1af6f4f",2025-02-21 21:00:00,2025-02-21 16:00:00,4,6,23.2,80.1,3,162,550,0,999.7,8,19
"60b6e1af6f4f",2025-02-21 22:00:00,2025-02-21 17:00:00,3,4,26.2,69.7,4,33,546,0.2,1000,6,9
"60b6e1af6f4f",2025-02-21 23:00:00,2025-02-21 18:00:00,4,6,26.3,70.5,5,1063,557,0.2,1000.8,4,0
"60b6e1af6f4f",2025-02-22,2025-02-21 19:00:00,3,4,26.5,69.5,6,1400,568,0.2,1001.5,4,1
"60b6e1af6f4f",2025-02-22 01:00:00,2025-02-21 20:00:00,3,4,26.6,69.4,7,1443,564,0.1,1002.1,4,0
"60b6e1af6f4f",2025-02-22 02:00:00,2025-02-21 21:00:00,4,6,25.8,73.8,4,1067,551,0,1002.8,4,1
"60b6e1af6f4f",2025-02-22 03:00:00,2025-02-21 22:00:00,4,6,25.3,75.4,6,1008,544,0,1003.1,4,0
"60b6e1af6f4f",2025-02-22 04:00:00,2025-02-21 23:00:00,4,6,25.3,74.6,5,1404,556,0,1002.9,4,1
"60b6e1af6f4f",2025-02-22 05:00:00,2025-02-22,4,6,25.6,74.5,6,1693,572,0,1002.5,4,1
"60b6e1af6f4f",2025-02-22 06:00:00,2025-02-22 01:00:00,4,6,25.5,75,5,1264,545,0,1002.1,4,1
"60b6e1af6f4f",2025-02-22 07:00:00,2025-02-22 02:00:00,4,6,25.2,76.1,5,1051,537,0,1001.6,4,1
"60b6e1af6f4f",2025-02-22 08:00:00,2025-02-22 03:00:00,4,6,25,76.7,5,948,538,0,1001.4,4,0
"60b6e1af6f4f",2025-02-22 09:00:00,2025-02-22 04:00:00,4,5,24.9,76.7,5,948,538,0,1001.5,4,1
"60b6e1af6f4f",2025-02-22 10:00:00,2025-02-22 05:00:00,4,5,24.8,77.3,6,942,534,0,1001.9,4,0
"60b6e1af6f4f",2025-02-22 11:00:00,2025-02-22 06:00:00,4,5,24.1,79.6,7,770,535,0,1002.4,4,0
"60b6e1af6f4f",2025-02-22 12:00:00,2025-02-22 07:00:00,4,6,23.2,83,8,532,536,0,1003.1,5,1
"60b6e1af6f4f",2025-02-22 13:00:00,2025-02-22 08:00:00,4,6,23.7,81,9,476,536,0,1003.4,5,0
"60b6e1af6f4f",2025-02-22 14:00:00,2025-02-22 09:00:00,4,6,23.6,80.5,9,181,530,0,1003.4,5,0
"60b6e1af6f4f",2025-02-22 15:00:00,2025-02-22 10:00:00,4,6,23.7,81.2,6,224,536,0,1003.2,5,1
"60b6e1af6f4f",2025-02-22 16:00:00,2025-02-22 11:00:00,4,5,24.7,77,6,403,535,0,1003.1,5,1
"60b6e1af6f4f",2025-02-22 17:00:00,2025-02-22 12:00:00,4,6,25.8,72.2,5,1989,576,0,1002.6,4,0
"60b6e1af6f4f",2025-02-22 18:00:00,2025-02-22 13:00:00,4,6,26,70.5,4,515,566,0,1001.8,5,0
"60b6e1af6f4f",2025-02-22 19:00:00,2025-02-22 14:00:00,4,6,25.7,71.9,5,4064,544,0,1001.1,4,1
"60b6e1af6f4f",2025-02-22 20:00:00,2025-02-22 15:00:00,4,6,25.9,71.6,6,431,533,0,1001.1,4,0
"60b6e1af6f4f",2025-02-22 21:00:00,2025-02-22 16:00:00,4,6,26.1,71.4,5,873,554,0,1000.7,4,1
"60b6e1af6f4f",2025-02-22 22:00:00,2025-02-22 17:00:00,4,6,26.3,71.4,12,2516,615,0,1001.1,4,1
"60b6e1af6f4f",2025-02-22 23:00:00,2025-02-22 18:00:00,8,7,26.7,67.2,64,5141,625,0,1001.6,3,0
"60b6e1af6f4f",2025-02-23,2025-02-22 19:00:00,3,4,26.6,66.6,8,1782,563,0,1002.2,4,0
"60b6e1af6f4f",2025-02-23 01:00:00,2025-02-22 20:00:00,3,4,26,69.4,6,830,549,0,1003.2,4,1
"60b6e1af6f4f",2025-02-23 02:00:00,2025-02-22 21:00:00,4,6,25.9,70.2,5,735,566,0,1003.7,6,9
"60b6e1af6f4f",2025-02-23 03:00:00,2025-02-22 22:00:00,4,6,25.7,71.2,6,723,545,0,1003.7,4,0
"60b6e1af6f4f",2025-02-23 04:00:00,2025-02-22 23:00:00,4,6,25.6,73.1,4,1253,552,0,1003.3,4,0
"60b6e1af6f4f",2025-02-23 05:00:00,2025-02-23,4,6,25.5,74.2,4,1145,544,0,1002.7,4,0
"60b6e1af6f4f",2025-02-23 06:00:00,2025-02-23 01:00:00,4,6,25.4,75,4,1179,546,0,1001.9,4,0
"60b6e1af6f4f",2025-02-23 07:00:00,2025-02-23 02:00:00,4,6,25.4,75.1,6,1121,539,0,1001.3,4,0
"60b6e1af6f4f",2025-02-23 08:00:00,2025-02-23 03:00:00,4,6,25.2,75.7,5,1082,532,0,1001.3,4,0
"60b6e1af6f4f",2025-02-23 09:00:00,2025-02-23 04:00:00,4,6,25.1,76.3,4,915,533,0,1001.4,4,1
"60b6e1af6f4f",2025-02-23 10:00:00,2025-02-23 05:00:00,4,6,25.1,76.9,5,618,527,0,1001.8,4,1
"60b6e1af6f4f",2025-02-23 11:00:00,2025-02-23 06:00:00,4,5,24.9,79.7,6,705,542,0,1002.3,4,1
"60b6e1af6f4f",2025-02-23 12:00:00,2025-02-23 07:00:00,5,6,24.7,82.6,6,709,540,0,1002.7,4,0
"60b6e1af6f4f",2025-02-23 13:00:00,2025-02-23 08:00:00,5,6,24.6,84,7,760,540,0,1003,4,1
"60b6e1af6f4f",2025-02-23 14:00:00,2025-02-23 09:00:00,5,6,24,84.2,4,325,531,0,1002.7,4,0
"60b6e1af6f4f",2025-02-23 15:00:00,2025-02-23 10:00:00,5,6,24.1,85.9,5,453,547,0,1002.3,4,1
"60b6e1af6f4f",2025-02-23 16:00:00,2025-02-23 11:00:00,5,6,24.5,81.3,5,182,525,0,1001.8,5,1
"60b6e1af6f4f",2025-02-23 17:00:00,2025-02-23 12:00:00,4,6,25.1,76.2,5,147,527,0,1001.2,5,0
"60b6e1af6f4f",2025-02-23 18:00:00,2025-02-23 13:00:00,4,6,25.5,73.3,4,1632,519,0,1000.6,4,0
"60b6e1af6f4f",2025-02-23 19:00:00,2025-02-23 14:00:00,4,6,25.9,71.3,4,106,516,0,1000,5,0
"60b6e1af6f4f",2025-02-23 20:00:00,2025-02-23 15:00:00,4,6,26.3,71.1,4,268,579,0,999.7,4,1
"60b6e1af6f4f",2025-02-23 21:00:00,2025-02-23 16:00:00,3,4,26.9,69.1,4,452,548,0,999.6,4,0
"60b6e1af6f4f",2025-02-23 22:00:00,2025-02-23 17:00:00,4,6,26.4,71.6,6,1355,570,0,1000.1,4,0
"60b6e1af6f4f",2025-02-23 23:00:00,2025-02-23 18:00:00,4,6,26,73.8,5,570,583,0,1000.9,4,0
"60b6e1af6f4f",2025-02-24,2025-02-23 19:00:00,4,6,25.1,77,5,464,534,0,1001.7,4,0
"60b6e1af6f4f",2025-02-24 01:00:00,2025-02-23 20:00:00,4,5,24.7,78.2,5,1138,529,0,1002.4,4,1
"60b6e1af6f4f",2025-02-24 02:00:00,2025-02-23 21:00:00,4,6,25.1,76.2,5,6404,537,0,1002.9,4,1
"60b6e1af6f4f",2025-02-24 03:00:00,2025-02-23 22:00:00,4,5,24.6,77.3,6,1161,529,0,1002.9,4,0
"60b6e1af6f4f",2025-02-24 04:00:00,2025-02-23 23:00:00,4,5,24.8,77,5,229,535,0,1002.6,4,0
"60b6e1af6f4f",2025-02-24 05:00:00,2025-02-24,4,6,25.6,74.5,5,1843,538,0,1002.3,4,1
"60b6e1af6f4f",2025-02-24 06:00:00,2025-02-24 01:00:00,4,6,25.7,73.9,5,2984,534,0,1001.9,4,0
"60b6e1af6f4f",2025-02-24 07:00:00,2025-02-24 02:00:00,4,6,25.7,73.6,5,3419,532,0,1001.6,4,0
"60b6e1af6f4f",2025-02-24 08:00:00,2025-02-24 03:00:00,4,6,25.7,73.7,5,2695,536,0,1001.3,4,1
"60b6e1af6f4f",2025-02-24 09:00:00,2025-02-24 04:00:00,4,6,25.4,76.7,5,2223,531,0,1001.3,4,0
"60b6e1af6f4f",2025-02-24 10:00:00,2025-02-24 05:00:00,5,6,24.9,80.2,6,747,535,0,1001.5,4,1
"60b6e1af6f4f",2025-02-24 11:00:00,2025-02-24 06:00:00,4,6,23.7,85.1,5,148,527,0,1001.6,4,1
"60b6e1af6f4f",2025-02-24 12:00:00,2025-02-24 07:00:00,5,6,24,85.2,6,462,546,0,1001.7,4,0
"60b6e1af6f4f",2025-02-24 13:00:00,2025-02-24 08:00:00,5,6,24.6,82.6,8,416,537,0,1002.1,4,0
"60b6e1af6f4f",2025-02-24 14:00:00,2025-02-24 09:00:00,4,6,25.1,79.2,7,376,536,0,1002.1,4,0
"60b6e1af6f4f",2025-02-24 15:00:00,2025-02-24 10:00:00,4,6,26.3,73.7,7,159,523,0,1001.7,5,1
"60b6e1af6f4f",2025-02-24 16:00:00,2025-02-24 11:00:00,4,6,26.5,73,5,58,514,0,1001.1,5,1
"60b6e1af6f4f",2025-02-24 17:00:00,2025-02-24 12:00:00,4,6,26.4,75.7,5,35,512,0,1000.5,5,0
"60b6e1af6f4f",2025-02-24 18:00:00,2025-02-24 13:00:00,4,6,26.9,74.2,5,71,513,0,999.8,5,1
"60b6e1af6f4f",2025-02-24 19:00:00,2025-02-24 14:00:00,4,6,27.2,73.9,5,186,515,0,999.2,4,1
"60b6e1af6f4f",2025-02-24 20:00:00,2025-02-24 15:00:00,4,6,27.7,72,5,272,520,0,998.5,4,0
"60b6e1af6f4f",2025-02-24 21:00:00,2025-02-24 16:00:00,4,6,27.9,71.2,5,321,529,0,998.5,4,0
"60b6e1af6f4f",2025-02-24 22:00:00,2025-02-24 17:00:00,4,6,27.4,72,5,350,529,0,998.8,4,1
"60b6e1af6f4f",2025-02-24 23:00:00,2025-02-24 18:00:00,4,6,26.6,72.8,4,679,532,0,999.6,4,0
"60b6e1af6f4f",2025-02-25,2025-02-24 19:00:00,4,6,27.3,72.6,7,1469,648,0,1000.3,4,0
"60b6e1af6f4f",2025-02-25 01:00:00,2025-02-24 20:00:00,4,6,27,72.5,6,1906,633,0,1000.9,4,1
"60b6e1af6f4f",2025-02-25 02:00:00,2025-02-24 21:00:00,4,6,27,72.4,7,1059,542,0,1001.6,4,1
"60b6e1af6f4f",2025-02-25 03:00:00,2025-02-24 22:00:00,4,6,26.2,77.1,6,208,519,0,1001.9,5,0
"60b6e1af6f4f",2025-02-25 04:00:00,2025-02-24 23:00:00,4,6,25.5,77.7,4,151,520,0,1001.9,5,1
"60b6e1af6f4f",2025-02-25 05:00:00,2025-02-25,4,6,25.4,77.5,3,111,512,0,1001.7,5,0
"60b6e1af6f4f",2025-02-25 06:00:00,2025-02-25 01:00:00,4,6,25.2,77.6,4,137,515,0,1001.4,5,0
"60b6e1af6f4f",2025-02-25 07:00:00,2025-02-25 02:00:00,4,6,25.1,77.8,3,76,509,0,1000.7,5,1
"60b6e1af6f4f",2025-02-25 08:00:00,2025-02-25 03:00:00,4,6,25.2,77.5,5,162,513,0,1000.1,4,1
"60b6e1af6f4f",2025-02-25 09:00:00,2025-02-25 04:00:00,4,6,25,78,4,214,514,0,1000.2,4,1
"60b6e1af6f4f",2025-02-25 10:00:00,2025-02-25 05:00:00,4,5,24.9,79.7,6,235,514,0,1000.8,4,1
"60b6e1af6f4f",2025-02-25 11:00:00,2025-02-25 06:00:00,5,6,24.5,81.4,7,344,519,0,1001.3,4,0
"60b6e1af6f4f",2025-02-25 12:00:00,2025-02-25 07:00:00,5,6,24.4,82.4,13,1425,541,0,1001.9,4,1
"60b6e1af6f4f",2025-02-25 13:00:00,2025-02-25 08:00:00,5,7,25,80.6,13,1752,538,0.1,1002.3,4,0
"60b6e1af6f4f",2025-02-25 14:00:00,2025-02-25 09:00:00,4,6,25.8,77.6,10,652,521,0,1002.2,4,0
"60b6e1af6f4f",2025-02-25 15:00:00,2025-02-25 10:00:00,4,6,26.4,75.4,9,601,520,0,1001.7,4,1
"60b6e1af6f4f",2025-02-25 16:00:00,2025-02-25 11:00:00,5,6,24.9,81.1,6,72,512,0,1001.6,5,1
"60b6e1af6f4f",2025-02-25 17:00:00,2025-02-25 12:00:00,4,6,25.5,78.6,4,81,515,0,1000.9,5,1
"60b6e1af6f4f",2025-02-25 18:00:00,2025-02-25 13:00:00,4,6,26,76.6,4,46,512,0,1000,5,1
"60b6e1af6f4f",2025-02-25 19:00:00,2025-02-25 14:00:00,4,6,26.2,76,4,133,511,0,999.4,5,0
"60b6e1af6f4f",2025-02-25 20:00:00,2025-02-25 15:00:00,4,6,26.4,75.5,4,2610,546,0,999,4,0
"60b6e1af6f4f",2025-02-25 21:00:00,2025-02-25 16:00:00,4,6,26.1,75.2,2,342,520,0,998.7,4,0
"60b6e1af6f4f",2025-02-25 22:00:00,2025-02-25 17:00:00,4,6,25.5,78,3,189,520,0,999.2,4,0
"60b6e1af6f4f",2025-02-25 23:00:00,2025-02-25 18:00:00,4,6,25.4,78.1,4,606,525,0,1000.1,4,1
"60b6e1af6f4f",2025-02-26,2025-02-25 19:00:00,4,6,25.5,77.4,5,904,534,0,1000.7,4,0
"60b6e1af6f4f",2025-02-26 01:00:00,2025-02-25 20:00:00,4,6,25.6,76.6,12,1591,552,0,1001.3,4,0
"60b6e1af6f4f",2025-02-26 02:00:00,2025-02-25 21:00:00,4,6,25.5,76.7,5,1261,576,0,1001.6,4,0
"60b6e1af6f4f",2025-02-26 03:00:00,2025-02-25 22:00:00,4,6,25.4,77.4,4,3180,593,0,1001.8,4,0
"60b6e1af6f4f",2025-02-26 04:00:00,2025-02-25 23:00:00,4,6,25.4,78,4,854,574,0,1001.5,4,0
"60b6e1af6f4f",2025-02-26 05:00:00,2025-02-26,4,6,25.2,78.6,4,582,557,0,1001,4,0
"60b6e1af6f4f",2025-02-26 06:00:00,2025-02-26 01:00:00,5,6,24.7,80.2,4,307,555,0,1000.6,4,1
"60b6e1af6f4f",2025-02-26 07:00:00,2025-02-26 02:00:00,5,6,24.6,80.1,4,478,557,0,1000.2,4,1
"60b6e1af6f4f",2025-02-26 08:00:00,2025-02-26 03:00:00,5,6,24.5,80.3,3,494,554,0,1000,4,0
"60b6e1af6f4f",2025-02-26 09:00:00,2025-02-26 04:00:00,5,6,24.4,80.7,3,507,556,0,1000,4,1
"60b6e1af6f4f",2025-02-26 10:00:00,2025-02-26 05:00:00,5,6,24.3,80.9,4,745,566,0,1000.4,4,0
"60b6e1af6f4f",2025-02-26 11:00:00,2025-02-26 06:00:00,5,6,24.1,81.8,5,1215,572,0,1000.9,4,1
"60b6e1af6f4f",2025-02-26 12:00:00,2025-02-26 07:00:00,4,6,23.8,83.9,9,1551,584,0,1001.7,4,0
"60b6e1af6f4f",2025-02-26 13:00:00,2025-02-26 08:00:00,5,6,24.2,82.3,9,937,574,0,1002.1,4,1
"60b6e1af6f4f",2025-02-26 17:00:00,2025-02-26 12:00:00,4,6,23.8,85.4,3,34,546,0,1001.5,7,18
"60b6e1af6f4f",2025-02-26 18:00:00,2025-02-26 13:00:00,5,7,25,81.1,4,80,546,0,1000.6,7,16
"60b6e1af6f4f",2025-02-26 19:00:00,2025-02-26 14:00:00,4,6,25.6,79.8,4,3099,617,0,1000.2,4,0
"60b6e1af6f4f",2025-02-26 20:00:00,2025-02-26 15:00:00,4,6,25.6,78.5,2,1225,560,0,999.9,4,1
"60b6e1af6f4f",2025-02-26 21:00:00,2025-02-26 16:00:00,4,6,25.6,79.7,2,652,564,0,999.8,4,0
"60b6e1af6f4f",2025-02-26 22:00:00,2025-02-26 17:00:00,5,7,25,81.8,1,277,553,0,1000.1,4,0
"60b6e1af6f4f",2025-02-26 23:00:00,2025-02-26 18:00:00,5,7,25.1,81.4,2,360,554,0,1000.8,4,0
"60b6e1af6f4f",2025-02-27,2025-02-26 19:00:00,5,6,24.5,83.5,3,419,583,0,1001.3,4,1
"60b6e1af6f4f",2025-02-27 01:00:00,2025-02-26 20:00:00,5,6,24.4,83.1,3,420,567,0,1002,4,1
"60b6e1af6f4f",2025-02-27 02:00:00,2025-02-26 21:00:00,5,6,24,84.6,3,252,547,0,1002.6,4,1
"60b6e1af6f4f",2025-02-27 03:00:00,2025-02-26 22:00:00,4,6,23.4,87,4,781,562,0,1002.8,4,0
"60b6e1af6f4f",2025-02-27 04:00:00,2025-02-26 23:00:00,4,6,23.7,85.9,5,321,554,0,1002.6,4,0
"60b6e1af6f4f",2025-02-27 05:00:00,2025-02-27,4,6,23.6,86.1,5,310,550,0,1002.1,4,0
"60b6e1af6f4f",2025-02-27 06:00:00,2025-02-27 01:00:00,4,6,23.7,85.7,5,380,553,0,1001.7,4,1
"60b6e1af6f4f",2025-02-27 07:00:00,2025-02-27 02:00:00,4,6,23.4,86.4,4,250,542,0,1001.5,4,1
"60b6e1af6f4f",2025-02-27 08:00:00,2025-02-27 03:00:00,4,6,23.4,85.6,3,178,542,0,1001.4,4,1
"60b6e1af6f4f",2025-02-27 09:00:00,2025-02-27 04:00:00,4,6,23.4,85.4,4,143,542,0,1001.5,5,0
"60b6e1af6f4f",2025-02-27 10:00:00,2025-02-27 05:00:00,4,6,23.3,86,3,92,542,0,1001.8,5,0
"60b6e1af6f4f",2025-02-27 11:00:00,2025-02-27 06:00:00,5,6,24,84.2,3,265,554,0,1002.5,4,1
"60b6e1af6f4f",2025-02-27 12:00:00,2025-02-27 07:00:00,5,6,24.1,84.9,4,205,557,0,1003.1,4,0
"60b6e1af6f4f",2025-02-27 13:00:00,2025-02-27 08:00:00,5,6,24.6,82.9,4,342,563,0,1003.6,4,0
"60b6e1af6f4f",2025-02-27 14:00:00,2025-02-27 09:00:00,5,7,25.1,81.1,4,413,547,0,1003.6,4,0
"60b6e1af6f4f",2025-02-27 15:00:00,2025-02-27 10:00:00,4,6,25.6,78.4,7,310,549,0,1003.3,4,1
"60b6e1af6f4f",2025-02-27 16:00:00,2025-02-27 11:00:00,4,6,25.7,79.2,4,214,541,0,1002.9,4,0
"60b6e1af6f4f",2025-02-27 17:00:00,2025-02-27 12:00:00,4,6,26.3,75.9,2,102,540,0,1002.1,4,1
"60b6e1af6f4f",2025-02-27 18:00:00,2025-02-27 13:00:00,4,6,26.1,78,2,102,546,0,1001.1,4,1
"60b6e1af6f4f",2025-02-27 19:00:00,2025-02-27 14:00:00,4,6,26.1,78,3,299,543,0,1000.1,4,0
"60b6e1af6f4f",2025-02-27 20:00:00,2025-02-27 15:00:00,4,6,25.9,78.4,12,144,555,0,999.5,4,0
"60b6e1af6f4f",2025-02-27 21:00:00,2025-02-27 16:00:00,4,6,26.6,75.8,3,201,561,0,999.1,4,1
"60b6e1af6f4f",2025-02-27 22:00:00,2025-02-27 17:00:00,4,6,26.4,74.5,3,1584,566,0,999.4,4,0
"60b6e1af6f4f",2025-02-27 23:00:00,2025-02-27 18:00:00,4,6,26.2,75.6,4,1279,571,0,999.9,4,0
"60b6e1af6f4f",2025-02-28,2025-02-27 19:00:00,4,6,26,75.9,4,481,554,0,1000.5,4,0
"60b6e1af6f4f",2025-02-28 01:00:00,2025-02-27 20:00:00,4,6,25.8,75.4,4,425,559,0,1001,4,1
"60b6e1af6f4f",2025-02-28 02:00:00,2025-02-27 21:00:00,4,6,25.6,75.8,4,334,562,0,1001.5,4,1
"60b6e1af6f4f",2025-02-28 03:00:00,2025-02-27 22:00:00,4,6,25.5,75.2,5,413,563,0,1001.5,4,0
"60b6e1af6f4f",2025-02-28 04:00:00,2025-02-27 23:00:00,4,6,25.5,73.9,4,305,560,0,1001.3,4,1
"60b6e1af6f4f",2025-02-28 05:00:00,2025-02-28,4,6,25.7,73.7,3,589,579,0,1000.8,4,0
"60b6e1af6f4f",2025-02-28 06:00:00,2025-02-28 01:00:00,4,6,25.8,73.9,3,524,551,0,999.9,4,0
"60b6e1af6f4f",2025-02-28 07:00:00,2025-02-28 02:00:00,4,6,25.7,75.1,3,445,549,0,999.5,4,1
"60b6e1af6f4f",2025-02-28 08:00:00,2025-02-28 03:00:00,4,6,25.6,76.3,2,481,547,0,999.4,4,1
"60b6e1af6f4f",2025-02-28 09:00:00,2025-02-28 04:00:00,4,6,25.6,77.6,3,497,549,0,999.8,4,0
"60b6e1af6f4f",2025-02-28 10:00:00,2025-02-28 05:00:00,4,6,25.3,77.5,2,397,549,0,1000.2,4,1
"60b6e1af6f4f",2025-02-28 11:00:00,2025-02-28 06:00:00,4,5,24.7,79,2,236,557,0,1000.5,4,0
"60b6e1af6f4f",2025-02-28 12:00:00,2025-02-28 07:00:00,5,6,24.1,81.2,5,192,561,0,1001,4,1
"60b6e1af6f4f",2025-02-28 13:00:00,2025-02-28 08:00:00,5,6,24.6,80.3,4,52,549,0,1001.5,5,0
"60b6e1af6f4f",2025-02-28 14:00:00,2025-02-28 09:00:00,4,6,25,79.7,2,115,573,0,1001.5,4,0
"60b6e1af6f4f",2025-02-28 16:00:00,2025-02-28 11:00:00,4,6,25.1,79.7,5,32,546,0,1001.4,7,8
"60b6e1af6f4f",2025-02-28 17:00:00,2025-02-28 12:00:00,4,6,25.9,76.8,3,42,549,0,1001,5,0
"60b6e1af6f4f",2025-02-28 18:00:00,2025-02-28 13:00:00,4,6,26.9,73.4,5,464,573,0,1000.1,4,0
"60b6e1af6f4f",2025-02-28 19:00:00,2025-02-28 14:00:00,4,6,26.9,72.9,4,257,572,0,999.6,5,0
"60b6e1af6f4f",2025-02-28 20:00:00,2025-02-28 15:00:00,4,6,26.8,75,4,144,563,0,999.2,5,0
"60b6e1af6f4f",2025-02-28 21:00:00,2025-02-28 16:00:00,4,6,26.7,75.1,3,182,558,0,999,4,0
"60b6e1af6f4f",2025-02-28 22:00:00,2025-02-28 17:00:00,4,6,27,75.2,3,188,577,0,999.4,4,0
"60b6e1af6f4f",2025-02-28 23:00:00,2025-02-28 18:00:00,4,6,26.8,75.9,2,279,561,0,1000.2,4,1
"60b6e1af6f4f",2025-03-01,2025-02-28 19:00:00,4,6,26.7,76.1,3,385,552,0,1000.9,4,1
"60b6e1af6f4f",2025-03-01 01:00:00,2025-02-28 20:00:00,4,6,26.5,75.9,4,354,551,0,1001.4,4,1
"60b6e1af6f4f",2025-03-01 02:00:00,2025-02-28 21:00:00,4,6,26.4,76.5,4,412,575,0,1001.9,4,0
"60b6e1af6f4f",2025-03-01 03:00:00,2025-02-28 22:00:00,4,6,25.8,78.6,3,238,562,0,1001.9,4,1
"60b6e1af6f4f",2025-03-01 04:00:00,2025-02-28 23:00:00,4,6,25.3,79,3,151,554,0,1001.5,4,0
"60b6e1af6f4f",2025-03-01 05:00:00,2025-03-01,4,6,25.4,77.7,3,233,549,0,1001.2,4,1
"60b6e1af6f4f",2025-03-01 06:00:00,2025-03-01 01:00:00,5,6,24.6,80.8,2,95,547,0,1000.8,4,1
"60b6e1af6f4f",2025-03-01 07:00:00,2025-03-01 02:00:00,4,6,23.3,86.3,3,7,545,0,1000.3,5,0
"60b6e1af6f4f",2025-03-01 08:00:00,2025-03-01 03:00:00,4,6,23,87.8,3,8,545,0,1000,5,0
"60b6e1af6f4f",2025-03-01 09:00:00,2025-03-01 04:00:00,4,6,22.7,89.4,3,19,547,0,1000,5,1
"60b6e1af6f4f",2025-03-01 10:00:00,2025-03-01 05:00:00,4,6,22.8,88.8,4,33,547,0,1000.3,5,1
"60b6e1af6f4f",2025-03-01 11:00:00,2025-03-01 06:00:00,4,6,22.7,89.2,4,37,551,0,1000.9,5,0
"60b6e1af6f4f",2025-03-01 12:00:00,2025-03-01 07:00:00,4,6,22.4,89.8,5,60,548,0,1001.7,5,0
"60b6e1af6f4f",2025-03-01 13:00:00,2025-03-01 08:00:00,4,6,23.2,87.1,7,147,550,0,1002.1,4,0
"60b6e1af6f4f",2025-03-01 14:00:00,2025-03-01 09:00:00,4,6,23.2,86.9,8,188,551,0,1001.9,5,0
"60b6e1af6f4f",2025-03-01 15:00:00,2025-03-01 10:00:00,5,6,24.3,82.3,6,124,549,0,1001.6,5,1
"60b6e1af6f4f",2025-03-01 16:00:00,2025-03-01 11:00:00,5,6,24.7,81.9,3,64,547,0,1001.3,5,1
"60b6e1af6f4f",2025-03-01 17:00:00,2025-03-01 12:00:00,5,6,24.9,81.2,3,27,544,0,1000.7,5,0
"60b6e1af6f4f",2025-03-01 18:00:00,2025-03-01 13:00:00,4,6,25.7,77.4,3,28,542,0,1000,5,0
"60b6e1af6f4f",2025-03-01 19:00:00,2025-03-01 14:00:00,4,6,25.9,77.2,2,23,543,0,999.5,5,1
"60b6e1af6f4f",2025-03-01 20:00:00,2025-03-01 15:00:00,4,6,26.3,75.4,3,29,544,0,999,5,0
"60b6e1af6f4f",2025-03-01 21:00:00,2025-03-01 16:00:00,4,6,27.4,71.6,3,322,558,0,998.6,4,0
"60b6e1af6f4f",2025-03-01 22:00:00,2025-03-01 17:00:00,4,6,27,71.4,3,468,594,0,998.9,4,1
"60b6e1af6f4f",2025-03-01 23:00:00,2025-03-01 18:00:00,4,6,26.4,76.3,3,1986,569,0,999.6,4,0
