"deviceName","date"
"uHoo 1 (DA82)","2022-03-01"
"uHoo 1 (DA82)","2022-03-02"
"uHoo 1 (DA82)","2022-03-03"
"uHoo 1 (DA82)","2022-03-04"
"uHoo 1 (DA82)","2022-03-05"
"uHoo 1 (DA82)","2022-03-06"
"uHoo 1 (DA82)","2022-03-07"
"uHoo 1 (DA82)","2022-03-08"
"uHoo 1 (DA82)","2022-03-09"
"uHoo 1 (DA82)","2022-03-10"
"uHoo 1 (DA82)","2022-03-11"
"uHoo 1 (DA82)","2022-03-12"
"uHoo 1 (DA82)","2022-03-13"
"uHoo 1 (DA82)","2022-03-14"
"uHoo 1 (DA82)","2022-03-15"
"uHoo 1 (DA82)","2022-03-16"
"uHoo 1 (DA82)","2022-03-17"
"uHoo 1 (DA82)","2022-03-18"
"uHoo 1 (DA82)","2022-03-19"
"uHoo 1 (DA82)","2022-03-20"
"uHoo 1 (DA82)","2022-03-21"
"uHoo 1 (DA82)","2022-03-22"
"uHoo 1 (DA82)","2022-03-23"
"uHoo 1 (DA82)","2022-03-24"
"uHoo 1 (DA82)","2022-03-25"
"uHoo 1 (DA82)","2022-03-26"
"uHoo 1 (DA82)","2022-03-27"
"uHoo 1 (DA82)","2022-03-28"
"uHoo 1 (DA82)","2022-03-29"
"uHoo 1 (DA82)","2022-03-30"
